Workbook

Sheet هيكل الآيبان
A1: هيكل رقم الآيبان السعودي (ISO 13616) — 24 خانة
A2: SA + خانتا تدقيق + رمز البنك (خانتان) + رقم الحساب (18 خانة). المرجع: سجل SWIFT للآيبان، صيغة SA2!n2!n18!c
A4: الجزء | B4: عدد الخانات | C4: المواقع | D4: مثال | E4: الوصف
A5: رمز الدولة | B5: 2 | C5: 1–2 | D5: SA | E5: يرمز للمملكة العربية السعودية (ISO 3166). ثابت لكل الحسابات السعودية.
A6: حقل التدقيق | B6: 2 | C6: 3–4 | D6: 03 | E6: رقمان يُحسبان بخوارزمية MOD-97 من رمز البنك ورقم الحساب معاً، فهما يختلفان من حساب لآخر حتى داخل البنك نفسه، ولا يوجد حقل تدقيق ثابت للبنك. وظيفتهما كشف أخطاء الإدخال (أي خطأ في خانة واحدة أو تبديل خانتين متجاورتين).
A7: رمز البنك | B7: 2 | C7: 5–6 | D7: 80 | E7: رقم ثنائي تصدره ساما لكل بنك: 80 مصرف الراجحي، 10 البنك الأهلي السعودي، 20 بنك الرياض، 55 البنك السعودي الفرنسي. الجدول الكامل في ورقة «رموز البنوك».
A8: رقم الحساب | B8: 18 | C8: 7–24 | D8: 000000608010167519 | E8: رقم الحساب لدى البنك، يُكمَّل بأصفار على اليسار حتى 18 خانة (يسمح المعيار بحروف وأرقام).
A9: الآيبان كاملاً | B9: 24 | C9: 1–24 | D9: SA03 8000 0000 6080 1016 7519 | E9: يُكتب إلكترونياً بلا مسافات، ويُطبع في مجموعات من 4 خانات.
A11: تصحيح للأمثلة الواردة في الطلب: الرمز 20 هو بنك الرياض (وليس الراجحي)، و55 هو البنك السعودي الفرنسي (وليس الأهلي). الراجحي = 80، الأهلي = 10.

Sheet رموز البنوك
A1: رموز البنوك العاملة في المملكة العربية السعودية في رقم الآيبان
A2: حقل التدقيق ليس صفة للبنك بل للحساب: العمود J مدخل (رقم حساب من 18 خانة)، والعمودان K و L يحسبان حقل التدقيق والآيبان آلياً. القيمة الافتراضية في J هي حساب المثال في سجل SWIFT، مكررة لكل بنك لإظهار تغيّر خانتي التدقيق بتغيّر رمز البنك.
A4: # | B4: رمز البنك | C4: اسم البنك | D4: Bank name | E4: رمز SWIFT / BIC | F4: توثيق SWIFT | G4: الحالة | H4: ملاحظة | I4: الآيبان يبدأ بـ | J4: رقم الحساب (18 خانة) — مدخل | K4: حقل التدقيق (محسوب) | L4: الآيبان الكامل (محسوب) | M4: التحقق MOD-97 | N4: سلسلة الحساب (مساعد)
A5: 1 | B5: 05 | C5: مصرف الإنماء | D5: Alinma Bank | E5: INMASARI | F5: مؤكد | G5: نشط | I5: ="SA"&"xx"&B5 -> SAxx05 | J5: 000000608010167519 | K5: =IF(LEN(J5)<>18,"طول خاطئ",TEXT(98-MOD(VALUE(MOD(VALUE(MOD(VALUE(MOD(VALUE(MID(N5,1,9)),97)&MID(N5,10,7)),97)&MID(N5,17,7)),97)&MID(N5,24,7)),97),"00")) -> 02 | L5: =IF(LEN(J5)<>18,"","SA"&K5&" "&MID(B5&J5,1,4)&" "&MID(B5&J5,5,4)&" "&MID(B5&J5,9,4)&" "&MID(B5&J5,13,4)&" "&MID(B5&J5,17,4)) -> SA02 0500 0000 6080 1016 7519 | M5: =IF(LEN(J5)<>18,"",IF(MOD(VALUE(MOD(VALUE(MOD(VALUE(MOD(VALUE(MID((B5&J5&"2810"&K5),1,9)),97)&MID((B5&J5&"2810"&K5),10,7)),97)&MID((B5&J5&"2810"&K5),17,7)),97)&MID((B5&J5&"2810"&K5),24,7)),97)=1,"صحيح ✓","خطأ")) -> صحيح ✓ | N5: =B5&J5&"281000" -> 05000000608010167519281000
A6: 2 | B6: 10 | C6: البنك الأهلي السعودي | D6: Saudi National Bank (SNB) | E6: NCBKSAJE | F6: مؤكد | G6: نشط | H6: يشمل حسابات سامبا المنقولة بعد الاندماج 2021 | I6: ="SA"&"xx"&B6 -> SAxx10 | J6: 000000608010167519 | K6: =IF(LEN(J6)<>18,"طول خاطئ",TEXT(98-MOD(VALUE(MOD(VALUE(MOD(VALUE(MOD(VALUE(MID(N6,1,9)),97)&MID(N6,10,7)),97)&MID(N6,17,7)),97)&MID(N6,24,7)),97),"00")) -> 15 | L6: =IF(LEN(J6)<>18,"","SA"&K6&" "&MID(B6&J6,1,4)&" "&MID(B6&J6,5,4)&" "&MID(B6&J6,9,4)&" "&MID(B6&J6,13,4)&" "&MID(B6&J6,17,4)) -> SA15 1000 0000 6080 1016 7519 | M6: =IF(LEN(J6)<>18,"",IF(MOD(VALUE(MOD(VALUE(MOD(VALUE(MOD(VALUE(MID((B6&J6&"2810"&K6),1,9)),97)&MID((B6&J6&"2810"&K6),10,7)),97)&MID((B6&J6&"2810"&K6),17,7)),97)&MID((B6&J6&"2810"&K6),24,7)),97)=1,"صحيح ✓","خطأ")) -> صحيح ✓ | N6: =B6&J6&"281000" -> 10000000608010167519281000
A7: 3 | B7: 15 | C7: بنك البلاد | D7: Bank Albilad | E7: ALBISARI | F7: مؤكد | G7: نشط | I7: ="SA"&"xx"&B7 -> SAxx15 | J7: 000000608010167519 | K7: =IF(LEN(J7)<>18,"طول خاطئ",TEXT(98-MOD(VALUE(MOD(VALUE(MOD(VALUE(MOD(VALUE(MID(N7,1,9)),97)&MID(N7,10,7)),97)&MID(N7,17,7)),97)&MID(N7,24,7)),97),"00")) -> 28 | L7: =IF(LEN(J7)<>18,"","SA"&K7&" "&MID(B7&J7,1,4)&" "&MID(B7&J7,5,4)&" "&MID(B7&J7,9,4)&" "&MID(B7&J7,13,4)&" "&MID(B7&J7,17,4)) -> SA28 1500 0000 6080 1016 7519 | M7: =IF(LEN(J7)<>18,"",IF(MOD(VALUE(MOD(VALUE(MOD(VALUE(MOD(VALUE(MID((B7&J7&"2810"&K7),1,9)),97)&MID((B7&J7&"2810"&K7),10,7)),97)&MID((B7&J7&"2810"&K7),17,7)),97)&MID((B7&J7&"2810"&K7),24,7)),97)=1,"صحيح ✓","خطأ")) -> صحيح ✓ | N7: =B7&J7&"281000" -> 15000000608010167519281000
A8: 4 | B8: 20 | C8: بنك الرياض | D8: Riyad Bank | E8: RIBLSARI | F8: مؤكد | G8: نشط | I8: ="SA"&"xx"&B8 -> SAxx20 | J8: 000000608010167519 | K8: =IF(LEN(J8)<>18,"طول خاطئ",TEXT(98-MOD(VALUE(MOD(VALUE(MOD(VALUE(MOD(VALUE(MID(N8,1,9)),97)&MID(N8,10,7)),97)&MID(N8,17,7)),97)&MID(N8,24,7)),97),"00")) -> 41 | L8: =IF(LEN(J8)<>18,"","SA"&K8&" "&MID(B8&J8,1,4)&" "&MID(B8&J8,5,4)&" "&MID(B8&J8,9,4)&" "&MID(B8&J8,13,4)&" "&MID(B8&J8,17,4)) -> SA41 2000 0000 6080 1016 7519 | M8: =IF(LEN(J8)<>18,"",IF(MOD(VALUE(MOD(VALUE(MOD(VALUE(MOD(VALUE(MID((B8&J8&"2810"&K8),1,9)),97)&MID((B8&J8&"2810"&K8),10,7)),97)&MID((B8&J8&"2810"&K8),17,7)),97)&MID((B8&J8&"2810"&K8),24,7)),97)=1,"صحيح ✓","خطأ")) -> صحيح ✓ | N8: =B8&J8&"281000" -> 20000000608010167519281000
A9: 5 | B9: 30 | C9: البنك العربي الوطني | D9: Arab National Bank | E9: ARNBSARI | F9: مؤكد | G9: نشط | I9: ="SA"&"xx"&B9 -> SAxx30 | J9: 000000608010167519 | K9: =IF(LEN(J9)<>18,"طول خاطئ",TEXT(98-MOD(VALUE(MOD(VALUE(MOD(VALUE(MOD(VALUE(MID(N9,1,9)),97)&MID(N9,10,7)),97)&MID(N9,17,7)),97)&MID(N9,24,7)),97),"00")) -> 67 | L9: =IF(LEN(J9)<>18,"","SA"&K9&" "&MID(B9&J9,1,4)&" "&MID(B9&J9,5,4)&" "&MID(B9&J9,9,4)&" "&MID(B9&J9,13,4)&" "&MID(B9&J9,17,4)) -> SA67 3000 0000 6080 1016 7519 | M9: =IF(LEN(J9)<>18,"",IF(MOD(VALUE(MOD(VALUE(MOD(VALUE(MOD(VALUE(MID((B9&J9&"2810"&K9),1,9)),97)&MID((B9&J9&"2810"&K9),10,7)),97)&MID((B9&J9&"2810"&K9),17,7)),97)&MID((B9&J9&"2810"&K9),24,7)),97)=1,"صحيح ✓","خطأ")) -> صحيح ✓ | N9: =B9&J9&"281000" -> 30000000608010167519281000
A10: 6 | B10: 36 | C10: بنك دال ثلاثمائة وستون (D360) | D10: D360 Bank | E10: DBAKSARI | F10: مؤكد | G10: بنك رقمي | H10: مؤكد بآيبان فعلي لحساب في البنك قدّمه المستخدم (SA83 3603 …) يجتاز MOD-97، ويتفق مع الملف الاسترشادي | I10: ="SA"&"xx"&B10 -> SAxx36 | J10: 000000608010167519 | K10: =IF(LEN(J10)<>18,"طول خاطئ",TEXT(98-MOD(VALUE(MOD(VALUE(MOD(VALUE(MOD(VALUE(MID(N10,1,9)),97)&MID(N10,10,7)),97)&MID(N10,17,7)),97)&MID(N10,24,7)),97),"00")) -> 05 | L10: =IF(LEN(J10)<>18,"","SA"&K10&" "&MID(B10&J10,1,4)&" "&MID(B10&J10,5,4)&" "&MID(B10&J10,9,4)&" "&MID(B10&J10,13,4)&" "&MID(B10&J10,17,4)) -> SA05 3600 0000 6080 1016 7519 | M10: =IF(LEN(J10)<>18,"",IF(MOD(VALUE(MOD(VALUE(MOD(VALUE(MOD(VALUE(MID((B10&J10&"2810"&K10),1,9)),97)&MID((B10&J10&"2810"&K10),10,7)),97)&MID((B10&J10&"2810"&K10),17,7)),97)&MID((B10&J10&"2810"&K10),24,7)),97)=1,"صحيح ✓","خطأ")) -> صحيح ✓ | N10: =B10&J10&"281000" -> 36000000608010167519281000
A11: 7 | B11: 40 | C11: مجموعة سامبا المالية | D11: Samba Financial Group | E11: SAMBSARI | F11: غير مؤكد (بنك مدمج) | G11: مدمج (تاريخي) | H11: اندمج في البنك الأهلي السعودي 2021؛ قد تبقى آيبانات قديمة متداولة | I11: ="SA"&"xx"&B11 -> SAxx40 | J11: 000000608010167519 | K11: =IF(LEN(J11)<>18,"طول خاطئ",TEXT(98-MOD(VALUE(MOD(VALUE(MOD(VALUE(MOD(VALUE(MID(N11,1,9)),97)&MID(N11,10,7)),97)&MID(N11,17,7)),97)&MID(N11,24,7)),97),"00")) -> 93 | L11: =IF(LEN(J11)<>18,"","SA"&K11&" "&MID(B11&J11,1,4)&" "&MID(B11&J11,5,4)&" "&MID(B11&J11,9,4)&" "&MID(B11&J11,13,4)&" "&MID(B11&J11,17,4)) -> SA93 4000 0000 6080 1016 7519 | M11: =IF(LEN(J11)<>18,"",IF(MOD(VALUE(MOD(VALUE(MOD(VALUE(MOD(VALUE(MID((B11&J11&"2810"&K11),1,9)),97)&MID((B11&J11&"2810"&K11),10,7)),97)&MID((B11&J11&"2810"&K11),17,7)),97)&MID((B11&J11&"2810"&K11),24,7)),97)=1,"صحيح ✓","خطأ")) -> صحيح ✓ | N11: =B11&J11&"281000" -> 40000000608010167519281000
A12: 8 | B12: 45 | C12: البنك السعودي الأول (ساب) | D12: Saudi Awwal Bank (SAB, formerly SABB) | E12: SABBSARI | F12: مؤكد | G12: نشط | I12: ="SA"&"xx"&B12 -> SAxx45 | J12: 000000608010167519 | K12: =IF(LEN(J12)<>18,"طول خاطئ",TEXT(98-MOD(VALUE(MOD(VALUE(MOD(VALUE(MOD(VALUE(MID(N12,1,9)),97)&MID(N12,10,7)),97)&MID(N12,17,7)),97)&MID(N12,24,7)),97),"00")) -> 09 | L12: =IF(LEN(J12)<>18,"","SA"&K12&" "&MID(B12&J12,1,4)&" "&MID(B12&J12,5,4)&" "&MID(B12&J12,9,4)&" "&MID(B12&J12,13,4)&" "&MID(B12&J12,17,4)) -> SA09 4500 0000 6080 1016 7519 | M12: =IF(LEN(J12)<>18,"",IF(MOD(VALUE(MOD(VALUE(MOD(VALUE(MOD(VALUE(MID((B12&J12&"2810"&K12),1,9)),97)&MID((B12&J12&"2810"&K12),10,7)),97)&MID((B12&J12&"2810"&K12),17,7)),97)&MID((B12&J12&"2810"&K12),24,7)),97)=1,"صحيح ✓","خطأ")) -> صحيح ✓ | N12: =B12&J12&"281000" -> 45000000608010167519281000
A13: 9 | B13: 50 | C13: البنك الأول | D13: Alawwal Bank | E13: AAALSARI | F13: مصدر واحد (بنك مدمج) | G13: مدمج (تاريخي) | H13: اندمج في ساب 2019؛ قد تبقى آيبانات قديمة متداولة | I13: ="SA"&"xx"&B13 -> SAxx50 | J13: 000000608010167519 | K13: =IF(LEN(J13)<>18,"طول خاطئ",TEXT(98-MOD(VALUE(MOD(VALUE(MOD(VALUE(MOD(VALUE(MID(N13,1,9)),97)&MID(N13,10,7)),97)&MID(N13,17,7)),97)&MID(N13,24,7)),97),"00")) -> 22 | L13: =IF(LEN(J13)<>18,"","SA"&K13&" "&MID(B13&J13,1,4)&" "&MID(B13&J13,5,4)&" "&MID(B13&J13,9,4)&" "&MID(B13&J13,13,4)&" "&MID(B13&J13,17,4)) -> SA22 5000 0000 6080 1016 7519 | M13: =IF(LEN(J13)<>18,"",IF(MOD(VALUE(MOD(VALUE(MOD(VALUE(MOD(VALUE(MID((B13&J13&"2810"&K13),1,9)),97)&MID((B13&J13&"2810"&K13),10,7)),97)&MID((B13&J13&"2810"&K13),17,7)),97)&MID((B13&J13&"2810"&K13),24,7)),97)=1,"صحيح ✓","خطأ")) -> صحيح ✓ | N13: =B13&J13&"281000" -> 50000000608010167519281000
A14: 10 | B14: 55 | C14: البنك السعودي الفرنسي | D14: Banque Saudi Fransi | E14: BSFRSARI | F14: مؤكد | G14: نشط | I14: ="SA"&"xx"&B14 -> SAxx55 | J14: 000000608010167519 | K14: =IF(LEN(J14)<>18,"طول خاطئ",TEXT(98-MOD(VALUE(MOD(VALUE(MOD(VALUE(MOD(VALUE(MID(N14,1,9)),97)&MID(N14,10,7)),97)&MID(N14,17,7)),97)&MID(N14,24,7)),97),"00")) -> 35 | L14: =IF(LEN(J14)<>18,"","SA"&K14&" "&MID(B14&J14,1,4)&" "&MID(B14&J14,5,4)&" "&MID(B14&J14,9,4)&" "&MID(B14&J14,13,4)&" "&MID(B14&J14,17,4)) -> SA35 5500 0000 6080 1016 7519 | M14: =IF(LEN(J14)<>18,"",IF(MOD(VALUE(MOD(VALUE(MOD(VALUE(MOD(VALUE(MID((B14&J14&"2810"&K14),1,9)),97)&MID((B14&J14&"2810"&K14),10,7)),97)&MID((B14&J14&"2810"&K14),17,7)),97)&MID((B14&J14&"2810"&K14),24,7)),97)=1,"صحيح ✓","خطأ")) -> صحيح ✓ | N14: =B14&J14&"281000" -> 55000000608010167519281000
A15: 11 | B15: 60 | C15: بنك الجزيرة | D15: Bank AlJazira | E15: BJAZSAJE | F15: مؤكد | G15: نشط | I15: ="SA"&"xx"&B15 -> SAxx60 | J15: 000000608010167519 | K15: =IF(LEN(J15)<>18,"طول خاطئ",TEXT(98-MOD(VALUE(MOD(VALUE(MOD(VALUE(MOD(VALUE(MID(N15,1,9)),97)&MID(N15,10,7)),97)&MID(N15,17,7)),97)&MID(N15,24,7)),97),"00")) -> 48 | L15: =IF(LEN(J15)<>18,"","SA"&K15&" "&MID(B15&J15,1,4)&" "&MID(B15&J15,5,4)&" "&MID(B15&J15,9,4)&" "&MID(B15&J15,13,4)&" "&MID(B15&J15,17,4)) -> SA48 6000 0000 6080 1016 7519 | M15: =IF(LEN(J15)<>18,"",IF(MOD(VALUE(MOD(VALUE(MOD(VALUE(MOD(VALUE(MID((B15&J15&"2810"&K15),1,9)),97)&MID((B15&J15&"2810"&K15),10,7)),97)&MID((B15&J15&"2810"&K15),17,7)),97)&MID((B15&J15&"2810"&K15),24,7)),97)=1,"صحيح ✓","خطأ")) -> صحيح ✓ | N15: =B15&J15&"281000" -> 60000000608010167519281000
A16: 12 | B16: 65 | C16: البنك السعودي للاستثمار | D16: The Saudi Investment Bank | E16: SIBCSARI | F16: مؤكد | G16: نشط | I16: ="SA"&"xx"&B16 -> SAxx65 | J16: 000000608010167519 | K16: =IF(LEN(J16)<>18,"طول خاطئ",TEXT(98-MOD(VALUE(MOD(VALUE(MOD(VALUE(MOD(VALUE(MID(N16,1,9)),97)&MID(N16,10,7)),97)&MID(N16,17,7)),97)&MID(N16,24,7)),97),"00")) -> 61 | L16: =IF(LEN(J16)<>18,"","SA"&K16&" "&MID(B16&J16,1,4)&" "&MID(B16&J16,5,4)&" "&MID(B16&J16,9,4)&" "&MID(B16&J16,13,4)&" "&MID(B16&J16,17,4)) -> SA61 6500 0000 6080 1016 7519 | M16: =IF(LEN(J16)<>18,"",IF(MOD(VALUE(MOD(VALUE(MOD(VALUE(MOD(VALUE(MID((B16&J16&"2810"&K16),1,9)),97)&MID((B16&J16&"2810"&K16),10,7)),97)&MID((B16&J16&"2810"&K16),17,7)),97)&MID((B16&J16&"2810"&K16),24,7)),97)=1,"صحيح ✓","خطأ")) -> صحيح ✓ | N16: =B16&J16&"281000" -> 65000000608010167519281000
A17: 13 | B17: 71 | C17: بنك البحرين الوطني (فرع السعودية) | D17: National Bank of Bahrain | E17: NBOBSARI | F17: مصدر واحد | G17: فرع بنك أجنبي | I17: ="SA"&"xx"&B17 -> SAxx71 | J17: 000000608010167519 | K17: =IF(LEN(J17)<>18,"طول خاطئ",TEXT(98-MOD(VALUE(MOD(VALUE(MOD(VALUE(MOD(VALUE(MID(N17,1,9)),97)&MID(N17,10,7)),97)&MID(N17,17,7)),97)&MID(N17,24,7)),97),"00")) -> 96 | L17: =IF(LEN(J17)<>18,"","SA"&K17&" "&MID(B17&J17,1,4)&" "&MID(B17&J17,5,4)&" "&MID(B17&J17,9,4)&" "&MID(B17&J17,13,4)&" "&MID(B17&J17,17,4)) -> SA96 7100 0000 6080 1016 7519 | M17: =IF(LEN(J17)<>18,"",IF(MOD(VALUE(MOD(VALUE(MOD(VALUE(MOD(VALUE(MID((B17&J17&"2810"&K17),1,9)),97)&MID((B17&J17&"2810"&K17),10,7)),97)&MID((B17&J17&"2810"&K17),17,7)),97)&MID((B17&J17&"2810"&K17),24,7)),97)=1,"صحيح ✓","خطأ")) -> صحيح ✓ | N17: =B17&J17&"281000" -> 71000000608010167519281000
A18: 14 | B18: 73 | C18: بنك أبوظبي الأول (فرع السعودية) | D18: First Abu Dhabi Bank (FAB) | E18: FABMSARI | F18: مصدر واحد + الملف الاسترشادي | G18: فرع بنك أجنبي | H18: مؤكد بآيبان فعلي لحساب في البنك قدّمه المستخدم (SA63 7300 …) يجتاز MOD-97، ويتفق مع الملف الاسترشادي | I18: ="SA"&"xx"&B18 -> SAxx73 | J18: 000000608010167519 | K18: =IF(LEN(J18)<>18,"طول خاطئ",TEXT(98-MOD(VALUE(MOD(VALUE(MOD(VALUE(MOD(VALUE(MID(N18,1,9)),97)&MID(N18,10,7)),97)&MID(N18,17,7)),97)&MID(N18,24,7)),97),"00")) -> 43 | L18: =IF(LEN(J18)<>18,"","SA"&K18&" "&MID(B18&J18,1,4)&" "&MID(B18&J18,5,4)&" "&MID(B18&J18,9,4)&" "&MID(B18&J18,13,4)&" "&MID(B18&J18,17,4)) -> SA43 7300 0000 6080 1016 7519 | M18: =IF(LEN(J18)<>18,"",IF(MOD(VALUE(MOD(VALUE(MOD(VALUE(MOD(VALUE(MID((B18&J18&"2810"&K18),1,9)),97)&MID((B18&J18&"2810"&K18),10,7)),97)&MID((B18&J18&"2810"&K18),17,7)),97)&MID((B18&J18&"2810"&K18),24,7)),97)=1,"صحيح ✓","خطأ")) -> صحيح ✓ | N18: =B18&J18&"281000" -> 73000000608010167519281000
A19: 15 | B19: 75 | C19: بنك الكويت الوطني (فرع السعودية) | D19: National Bank of Kuwait | E19: NBOKSAJE | F19: مصدر واحد + الملف الاسترشادي | G19: فرع بنك أجنبي | I19: ="SA"&"xx"&B19 -> SAxx75 | J19: 000000608010167519 | K19: =IF(LEN(J19)<>18,"طول خاطئ",TEXT(98-MOD(VALUE(MOD(VALUE(MOD(VALUE(MOD(VALUE(MID(N19,1,9)),97)&MID(N19,10,7)),97)&MID(N19,17,7)),97)&MID(N19,24,7)),97),"00")) -> 87 | L19: =IF(LEN(J19)<>18,"","SA"&K19&" "&MID(B19&J19,1,4)&" "&MID(B19&J19,5,4)&" "&MID(B19&J19,9,4)&" "&MID(B19&J19,13,4)&" "&MID(B19&J19,17,4)) -> SA87 7500 0000 6080 1016 7519 | M19: =IF(LEN(J19)<>18,"",IF(MOD(VALUE(MOD(VALUE(MOD(VALUE(MOD(VALUE(MID((B19&J19&"2810"&K19),1,9)),97)&MID((B19&J19&"2810"&K19),10,7)),97)&MID((B19&J19&"2810"&K19),17,7)),97)&MID((B19&J19&"2810"&K19),24,7)),97)=1,"صحيح ✓","خطأ")) -> صحيح ✓ | N19: =B19&J19&"281000" -> 75000000608010167519281000
A20: 16 | B20: 76 | C20: بنك مسقط (فرع السعودية) | D20: Bank Muscat | E20: BMUSSARI | F20: مصدر واحد | G20: فرع بنك أجنبي | I20: ="SA"&"xx"&B20 -> SAxx76 | J20: 000000608010167519 | K20: =IF(LEN(J20)<>18,"طول خاطئ",TEXT(98-MOD(VALUE(MOD(VALUE(MOD(VALUE(MOD(VALUE(MID(N20,1,9)),97)&MID(N20,10,7)),97)&MID(N20,17,7)),97)&MID(N20,24,7)),97),"00")) -> 12 | L20: =IF(LEN(J20)<>18,"","SA"&K20&" "&MID(B20&J20,1,4)&" "&MID(B20&J20,5,4)&" "&MID(B20&J20,9,4)&" "&MID(B20&J20,13,4)&" "&MID(B20&J20,17,4)) -> SA12 7600 0000 6080 1016 7519 | M20: =IF(LEN(J20)<>18,"",IF(MOD(VALUE(MOD(VALUE(MOD(VALUE(MOD(VALUE(MID((B20&J20&"2810"&K20),1,9)),97)&MID((B20&J20&"2810"&K20),10,7)),97)&MID((B20&J20&"2810"&K20),17,7)),97)&MID((B20&J20&"2810"&K20),24,7)),97)=1,"صحيح ✓","خطأ")) -> صحيح ✓ | N20: =B20&J20&"281000" -> 76000000608010167519281000
A21: 17 | B21: 78 | C21: بنك إس تي سي (STC Bank) | D21: STC Bank | E21: STCJSARI | F21: مؤكد | G21: بنك رقمي | H21: مصدر واحد: آيبان منشور SA47 7800 0000 0011 8115 9355 يجتاز MOD-97 — يُستحسن التأكد من ساما | I21: ="SA"&"xx"&B21 -> SAxx78 | J21: 000000608010167519 | K21: =IF(LEN(J21)<>18,"طول خاطئ",TEXT(98-MOD(VALUE(MOD(VALUE(MOD(VALUE(MOD(VALUE(MID(N21,1,9)),97)&MID(N21,10,7)),97)&MID(N21,17,7)),97)&MID(N21,24,7)),97),"00")) -> 56 | L21: =IF(LEN(J21)<>18,"","SA"&K21&" "&MID(B21&J21,1,4)&" "&MID(B21&J21,5,4)&" "&MID(B21&J21,9,4)&" "&MID(B21&J21,13,4)&" "&MID(B21&J21,17,4)) -> SA56 7800 0000 6080 1016 7519 | M21: =IF(LEN(J21)<>18,"",IF(MOD(VALUE(MOD(VALUE(MOD(VALUE(MOD(VALUE(MID((B21&J21&"2810"&K21),1,9)),97)&MID((B21&J21&"2810"&K21),10,7)),97)&MID((B21&J21&"2810"&K21),17,7)),97)&MID((B21&J21&"2810"&K21),24,7)),97)=1,"صحيح ✓","خطأ")) -> صحيح ✓ | N21: =B21&J21&"281000" -> 78000000608010167519281000
A22: 18 | B22: 80 | C22: مصرف الراجحي | D22: Al Rajhi Bank | E22: RJHISARI | F22: مؤكد | G22: نشط | I22: ="SA"&"xx"&B22 -> SAxx80 | J22: 000000608010167519 | K22: =IF(LEN(J22)<>18,"طول خاطئ",TEXT(98-MOD(VALUE(MOD(VALUE(MOD(VALUE(MOD(VALUE(MID(N22,1,9)),97)&MID(N22,10,7)),97)&MID(N22,17,7)),97)&MID(N22,24,7)),97),"00")) -> 03 | L22: =IF(LEN(J22)<>18,"","SA"&K22&" "&MID(B22&J22,1,4)&" "&MID(B22&J22,5,4)&" "&MID(B22&J22,9,4)&" "&MID(B22&J22,13,4)&" "&MID(B22&J22,17,4)) -> SA03 8000 0000 6080 1016 7519 | M22: =IF(LEN(J22)<>18,"",IF(MOD(VALUE(MOD(VALUE(MOD(VALUE(MOD(VALUE(MID((B22&J22&"2810"&K22),1,9)),97)&MID((B22&J22&"2810"&K22),10,7)),97)&MID((B22&J22&"2810"&K22),17,7)),97)&MID((B22&J22&"2810"&K22),24,7)),97)=1,"صحيح ✓","خطأ")) -> صحيح ✓ | N22: =B22&J22&"281000" -> 80000000608010167519281000
A23: 19 | B23: 81 | C23: دويتشه بنك (فرع السعودية) | D23: Deutsche Bank | E23: DEUTSARI | F23: مصدر واحد | G23: فرع بنك أجنبي | I23: ="SA"&"xx"&B23 -> SAxx81 | J23: 000000608010167519 | K23: =IF(LEN(J23)<>18,"طول خاطئ",TEXT(98-MOD(VALUE(MOD(VALUE(MOD(VALUE(MOD(VALUE(MID(N23,1,9)),97)&MID(N23,10,7)),97)&MID(N23,17,7)),97)&MID(N23,24,7)),97),"00")) -> 25 | L23: =IF(LEN(J23)<>18,"","SA"&K23&" "&MID(B23&J23,1,4)&" "&MID(B23&J23,5,4)&" "&MID(B23&J23,9,4)&" "&MID(B23&J23,13,4)&" "&MID(B23&J23,17,4)) -> SA25 8100 0000 6080 1016 7519 | M23: =IF(LEN(J23)<>18,"",IF(MOD(VALUE(MOD(VALUE(MOD(VALUE(MOD(VALUE(MID((B23&J23&"2810"&K23),1,9)),97)&MID((B23&J23&"2810"&K23),10,7)),97)&MID((B23&J23&"2810"&K23),17,7)),97)&MID((B23&J23&"2810"&K23),24,7)),97)=1,"صحيح ✓","خطأ")) -> صحيح ✓ | N23: =B23&J23&"281000" -> 81000000608010167519281000
A24: 20 | B24: 82 | C24: البنك الوطني الباكستاني (فرع السعودية) | D24: National Bank of Pakistan | E24: NBPASARI | F24: مؤكد (ورد NBOPSARI في جدول واحد) | G24: فرع بنك أجنبي | I24: ="SA"&"xx"&B24 -> SAxx82 | J24: 000000608010167519 | K24: =IF(LEN(J24)<>18,"طول خاطئ",TEXT(98-MOD(VALUE(MOD(VALUE(MOD(VALUE(MOD(VALUE(MID(N24,1,9)),97)&MID(N24,10,7)),97)&MID(N24,17,7)),97)&MID(N24,24,7)),97),"00")) -> 47 | L24: =IF(LEN(J24)<>18,"","SA"&K24&" "&MID(B24&J24,1,4)&" "&MID(B24&J24,5,4)&" "&MID(B24&J24,9,4)&" "&MID(B24&J24,13,4)&" "&MID(B24&J24,17,4)) -> SA47 8200 0000 6080 1016 7519 | M24: =IF(LEN(J24)<>18,"",IF(MOD(VALUE(MOD(VALUE(MOD(VALUE(MOD(VALUE(MID((B24&J24&"2810"&K24),1,9)),97)&MID((B24&J24&"2810"&K24),10,7)),97)&MID((B24&J24&"2810"&K24),17,7)),97)&MID((B24&J24&"2810"&K24),24,7)),97)=1,"صحيح ✓","خطأ")) -> صحيح ✓ | N24: =B24&J24&"281000" -> 82000000608010167519281000
A25: 21 | B25: 83 | C25: بنك الدولة الهندي (فرع السعودية) | D25: State Bank of India | E25: SBINSAJE | F25: مصدر واحد | G25: فرع بنك أجنبي | H25: مصدر واحد فقط — يُستحسن التأكد من ساما | I25: ="SA"&"xx"&B25 -> SAxx83 | J25: 000000608010167519 | K25: =IF(LEN(J25)<>18,"طول خاطئ",TEXT(98-MOD(VALUE(MOD(VALUE(MOD(VALUE(MOD(VALUE(MID(N25,1,9)),97)&MID(N25,10,7)),97)&MID(N25,17,7)),97)&MID(N25,24,7)),97),"00")) -> 69 | L25: =IF(LEN(J25)<>18,"","SA"&K25&" "&MID(B25&J25,1,4)&" "&MID(B25&J25,5,4)&" "&MID(B25&J25,9,4)&" "&MID(B25&J25,13,4)&" "&MID(B25&J25,17,4)) -> SA69 8300 0000 6080 1016 7519 | M25: =IF(LEN(J25)<>18,"",IF(MOD(VALUE(MOD(VALUE(MOD(VALUE(MOD(VALUE(MID((B25&J25&"2810"&K25),1,9)),97)&MID((B25&J25&"2810"&K25),10,7)),97)&MID((B25&J25&"2810"&K25),17,7)),97)&MID((B25&J25&"2810"&K25),24,7)),97)=1,"صحيح ✓","خطأ")) -> صحيح ✓ | N25: =B25&J25&"281000" -> 83000000608010167519281000
A26: 22 | B26: 84 | C26: بنك زراعات التركي (فرع السعودية) | D26: T.C. Ziraat Bankası | E26: TCZBSAJE | F26: مصدر واحد | G26: فرع بنك أجنبي | I26: ="SA"&"xx"&B26 -> SAxx84 | J26: 000000608010167519 | K26: =IF(LEN(J26)<>18,"طول خاطئ",TEXT(98-MOD(VALUE(MOD(VALUE(MOD(VALUE(MOD(VALUE(MID(N26,1,9)),97)&MID(N26,10,7)),97)&MID(N26,17,7)),97)&MID(N26,24,7)),97),"00")) -> 91 | L26: =IF(LEN(J26)<>18,"","SA"&K26&" "&MID(B26&J26,1,4)&" "&MID(B26&J26,5,4)&" "&MID(B26&J26,9,4)&" "&MID(B26&J26,13,4)&" "&MID(B26&J26,17,4)) -> SA91 8400 0000 6080 1016 7519 | M26: =IF(LEN(J26)<>18,"",IF(MOD(VALUE(MOD(VALUE(MOD(VALUE(MOD(VALUE(MID((B26&J26&"2810"&K26),1,9)),97)&MID((B26&J26&"2810"&K26),10,7)),97)&MID((B26&J26&"2810"&K26),17,7)),97)&MID((B26&J26&"2810"&K26),24,7)),97)=1,"صحيح ✓","خطأ")) -> صحيح ✓ | N26: =B26&J26&"281000" -> 84000000608010167519281000
A27: 23 | B27: 85 | C27: بي إن بي باريبا (فرع السعودية) | D27: BNP Paribas | E27: BNPASARI | F27: غير مؤكد (الملف الاسترشادي فقط) | G27: فرع بنك أجنبي | I27: ="SA"&"xx"&B27 -> SAxx85 | J27: 000000608010167519 | K27: =IF(LEN(J27)<>18,"طول خاطئ",TEXT(98-MOD(VALUE(MOD(VALUE(MOD(VALUE(MOD(VALUE(MID(N27,1,9)),97)&MID(N27,10,7)),97)&MID(N27,17,7)),97)&MID(N27,24,7)),97),"00")) -> 16 | L27: =IF(LEN(J27)<>18,"","SA"&K27&" "&MID(B27&J27,1,4)&" "&MID(B27&J27,5,4)&" "&MID(B27&J27,9,4)&" "&MID(B27&J27,13,4)&" "&MID(B27&J27,17,4)) -> SA16 8500 0000 6080 1016 7519 | M27: =IF(LEN(J27)<>18,"",IF(MOD(VALUE(MOD(VALUE(MOD(VALUE(MOD(VALUE(MID((B27&J27&"2810"&K27),1,9)),97)&MID((B27&J27&"2810"&K27),10,7)),97)&MID((B27&J27&"2810"&K27),17,7)),97)&MID((B27&J27&"2810"&K27),24,7)),97)=1,"صحيح ✓","خطأ")) -> صحيح ✓ | N27: =B27&J27&"281000" -> 85000000608010167519281000
A28: 24 | B28: 86 | C28: جي بي مورغان تشيس (فرع السعودية) | D28: JPMorgan Chase Bank | E28: CHASSARI | F28: غير مؤكد (ورد CHASSARISAU لشركة JPMorgan السعودية) | G28: فرع بنك أجنبي | I28: ="SA"&"xx"&B28 -> SAxx86 | J28: 000000608010167519 | K28: =IF(LEN(J28)<>18,"طول خاطئ",TEXT(98-MOD(VALUE(MOD(VALUE(MOD(VALUE(MOD(VALUE(MID(N28,1,9)),97)&MID(N28,10,7)),97)&MID(N28,17,7)),97)&MID(N28,24,7)),97),"00")) -> 38 | L28: =IF(LEN(J28)<>18,"","SA"&K28&" "&MID(B28&J28,1,4)&" "&MID(B28&J28,5,4)&" "&MID(B28&J28,9,4)&" "&MID(B28&J28,13,4)&" "&MID(B28&J28,17,4)) -> SA38 8600 0000 6080 1016 7519 | M28: =IF(LEN(J28)<>18,"",IF(MOD(VALUE(MOD(VALUE(MOD(VALUE(MOD(VALUE(MID((B28&J28&"2810"&K28),1,9)),97)&MID((B28&J28&"2810"&K28),10,7)),97)&MID((B28&J28&"2810"&K28),17,7)),97)&MID((B28&J28&"2810"&K28),24,7)),97)=1,"صحيح ✓","خطأ")) -> صحيح ✓ | N28: =B28&J28&"281000" -> 86000000608010167519281000
A29: 25 | B29: 90 | C29: بنك الخليج الدولي | D29: Gulf International Bank (GIB) | E29: GULFSARI | F29: غير مؤكد (الملف الاسترشادي فقط) | G29: فرع بنك أجنبي | I29: ="SA"&"xx"&B29 -> SAxx90 | J29: 000000608010167519 | K29: =IF(LEN(J29)<>18,"طول خاطئ",TEXT(98-MOD(VALUE(MOD(VALUE(MOD(VALUE(MOD(VALUE(MID(N29,1,9)),97)&MID(N29,10,7)),97)&MID(N29,17,7)),97)&MID(N29,24,7)),97),"00")) -> 29 | L29: =IF(LEN(J29)<>18,"","SA"&K29&" "&MID(B29&J29,1,4)&" "&MID(B29&J29,5,4)&" "&MID(B29&J29,9,4)&" "&MID(B29&J29,13,4)&" "&MID(B29&J29,17,4)) -> SA29 9000 0000 6080 1016 7519 | M29: =IF(LEN(J29)<>18,"",IF(MOD(VALUE(MOD(VALUE(MOD(VALUE(MOD(VALUE(MID((B29&J29&"2810"&K29),1,9)),97)&MID((B29&J29&"2810"&K29),10,7)),97)&MID((B29&J29&"2810"&K29),17,7)),97)&MID((B29&J29&"2810"&K29),24,7)),97)=1,"صحيح ✓","خطأ")) -> صحيح ✓ | N29: =B29&J29&"281000" -> 90000000608010167519281000
A30: 26 | B30: 95 | C30: بنك الإمارات دبي الوطني (فرع السعودية) | D30: Emirates NBD | E30: EBILSARI | F30: مصدر واحد + الملف الاسترشادي | G30: فرع بنك أجنبي | I30: ="SA"&"xx"&B30 -> SAxx95 | J30: 000000608010167519 | K30: =IF(LEN(J30)<>18,"طول خاطئ",TEXT(98-MOD(VALUE(MOD(VALUE(MOD(VALUE(MOD(VALUE(MID(N30,1,9)),97)&MID(N30,10,7)),97)&MID(N30,17,7)),97)&MID(N30,24,7)),97),"00")) -> 42 | L30: =IF(LEN(J30)<>18,"","SA"&K30&" "&MID(B30&J30,1,4)&" "&MID(B30&J30,5,4)&" "&MID(B30&J30,9,4)&" "&MID(B30&J30,13,4)&" "&MID(B30&J30,17,4)) -> SA42 9500 0000 6080 1016 7519 | M30: =IF(LEN(J30)<>18,"",IF(MOD(VALUE(MOD(VALUE(MOD(VALUE(MOD(VALUE(MID((B30&J30&"2810"&K30),1,9)),97)&MID((B30&J30&"2810"&K30),10,7)),97)&MID((B30&J30&"2810"&K30),17,7)),97)&MID((B30&J30&"2810"&K30),24,7)),97)=1,"صحيح ✓","خطأ")) -> صحيح ✓ | N30: =B30&J30&"281000" -> 95000000608010167519281000
A32: المصادر: معرّفات البنوك التي تصدرها ساما كما ينشرها github.com/EngMEita/saudi-banks، مع مراجعة cubbbix.com و validatefin.com (أكتوبر 2026). الرمزان 78 (STC Bank) و83 وردا في مصدر واحد. الرمزان 36 (D360) و73 (بنك أبوظبي الأول) مؤكدان بآيبانات فعلية قدّمها المستخدم. Vision Bank لم يُدرج لأن رمزه لم يُتحقق منه؛ يُعرف من الخانتين 5–6 في أي آيبان صادر منه ويُضاف في صف جديد. رموز SWIFT: ثماني خانات للمركز الرئيسي (تُضاف XXX لصيغة 11 خانة)، من أدلة SWIFT العامة (Wise، XE، theswiftcodes، ksaexpats، alaan) — «مؤكد» = أكثر من مصدر، «مصدر واحد» و«غير مؤكد» يُتحقق منهما مع البنك قبل التحويل.
A33: مفتاح الألوان: الخلايا الصفراء بخط أزرق مدخلات يمكن تعديلها؛ الباقي معادلات.

Sheet التحقق من الآيبان
A1: التحقق من صحة الآيبان السعودي — خوارزمية ISO 7064 MOD 97-10
A2: اكتب أو الصق الآيبان في العمود A (بمسافات أو بدونها). النتيجة والسبب وحقل التدقيق الصحيح تظهر آلياً. الأعمدة من L فما بعد محرك الحساب.
A4: الآيبان (مدخل) | B4: بعد التنظيف | C4: الطول | D4: الدولة | E4: حقل التدقيق المُدخل | F4: رمز البنك | G4: اسم البنك | H4: باقي القسمة على 97 | I4: حقل التدقيق الصحيح لهذا الحساب | J4: النتيجة | K4: السبب | L4: المُعاد ترتيبه | M4: صالح الرموز | N4: ح1 | O4: ح2 | P4: ح3 | Q4: ح4 | R4: ح5 | S4: ح6 | T4: ح7 | U4: ح8 | V4: ح9 | W4: ح10 | X4: ح11 | Y4: ح12 | Z4: ح13 | AA4: ح14 | AB4: ح15 | AC4: ح16 | AD4: ح17 | AE4: ح18 | AF4: ح19 | AG4: ح20 | AH4: ح21 | AI4: ح22 | AJ4: ح23 | AK4: ح24 | AL4: ح25 | AM4: ح26 | AN4: ح27 | AO4: ح28 | AP4: ح29 | AQ4: ح30 | AR4: ح31 | AS4: ح32 | AT4: ح33 | AU4: ح34 | AV4: السلسلة الرقمية | AW4: باقي 1 | AX4: باقي 2 | AY4: باقي 3 | AZ4: باقي 4 | BA4: باقي 5 | BB4: باقي 6 | BC4: باقي 7 | BD4: باقي 8 | BE4: باقي 9 | BF4: باقي 10
A5: SA03 8000 0000 6080 1016 7519 | B5: =UPPER(SUBSTITUTE(SUBSTITUTE(SUBSTITUTE(TRIM(A5)," ",""),"-",""),CHAR(160),"")) -> SA0380000000608010167519 | C5: =IF(B5="","",LEN(B5)) -> 24 | D5: =IF(B5="","",LEFT(B5,2)) -> SA | E5: =IF(B5="","",MID(B5,3,2)) -> 03 | F5: =IF(B5="","",MID(B5,5,2)) -> 80 | G5: =IF(B5="","",IFERROR(INDEX('رموز البنوك'!$C$5:$C$30,MATCH(F5,'رموز البنوك'!$B$5:$B$30,0)),"رمز غير معروف")) -> مصرف الراجحي | H5: =BF5 -> 1 | I5: =IF(OR(H5="",NOT(AND(ISNUMBER(FIND(MID(B5,3,1),"0123456789")),ISNUMBER(FIND(MID(B5,4,1),"0123456789"))))),"",TEXT(98-MOD(H5-VALUE(E5),97),"00")) -> 03 | J5: =IF(B5="","",IF(LEFT(K5,10)="آيبان صحيح","صحيح ✓","غير صحيح ✗")) -> صحيح ✓ | K5: =IF(B5="","",IF(M5=FALSE(),"يحتوي رموزاً غير مسموحة (المسموح A–Z و 0–9 فقط)",IF(D5<>"SA","رمز الدولة "&D5&" — هذا المدقق للآيبان السعودي SA",IF(C5<>24,"الطول "&C5&" خانة والمطلوب 24",IF(NOT(AND(ISNUMBER(FIND(MID(B5,3,1),"0123456789")),ISNUMBER(FIND(MID(B5,4,1),"0123456789")))),"خانتا التدقيق يجب أن تكونا رقمين",IF(ISERROR(VALUE(MID(B5,5,20))),"رمز البنك ورقم الحساب يجب أن يكونا أرقاماً",IF(H5<>1,"فشل اختبار MOD-97 (الباقي "&H5&" وليس 1) — خطأ في كتابة الرقم؛ خانتا التدقيق الصحيحتان لهذا الحساب "&I5,IF(G5="رمز غير معروف","اجتاز MOD-97 لكن رمز البنك "&F5&" غير مسجل في جدول البنوك","آيبان صحيح — "&G5)))))))) -> آيبان صحيح — مصرف الراجحي | L5: =IF(B5="","",MID(B5,5,40)&LEFT(B5,4)) -> 80000000608010167519SA03 | M5: =IF(L5="","",NOT(ISNUMBER(FIND("#",AV5)))) -> TRUE | N5: =IF(LEN($L5)<1,"",IF(ISNUMBER(FIND(MID($L5,1,1),"0123456789")),MID($L5,1,1),IF(ISNUMBER(FIND(MID($L5,1,1),"ABCDEFGHIJKLMNOPQRSTUVWXYZ")),CODE(MID($L5,1,1))-55,"#"))) -> 8 | O5: =IF(LEN($L5)<2,"",IF(ISNUMBER(FIND(MID($L5,2,1),"0123456789")),MID($L5,2,1),IF(ISNUMBER(FIND(MID($L5,2,1),"ABCDEFGHIJKLMNOPQRSTUVWXYZ")),CODE(MID($L5,2,1))-55,"#"))) -> 0 | P5: =IF(LEN($L5)<3,"",IF(ISNUMBER(FIND(MID($L5,3,1),"0123456789")),MID($L5,3,1),IF(ISNUMBER(FIND(MID($L5,3,1),"ABCDEFGHIJKLMNOPQRSTUVWXYZ")),CODE(MID($L5,3,1))-55,"#"))) -> 0 | Q5: =IF(LEN($L5)<4,"",IF(ISNUMBER(FIND(MID($L5,4,1),"0123456789")),MID($L5,4,1),IF(ISNUMBER(FIND(MID($L5,4,1),"ABCDEFGHIJKLMNOPQRSTUVWXYZ")),CODE(MID($L5,4,1))-55,"#"))) -> 0 | R5: =IF(LEN($L5)<5,"",IF(ISNUMBER(FIND(MID($L5,5,1),"0123456789")),MID($L5,5,1),IF(ISNUMBER(FIND(MID($L5,5,1),"ABCDEFGHIJKLMNOPQRSTUVWXYZ")),CODE(MID($L5,5,1))-55,"#"))) -> 0 | S5: =IF(LEN($L5)<6,"",IF(ISNUMBER(FIND(MID($L5,6,1),"0123456789")),MID($L5,6,1),IF(ISNUMBER(FIND(MID($L5,6,1),"ABCDEFGHIJKLMNOPQRSTUVWXYZ")),CODE(MID($L5,6,1))-55,"#"))) -> 0 | T5: =IF(LEN($L5)<7,"",IF(ISNUMBER(FIND(MID($L5,7,1),"0123456789")),MID($L5,7,1),IF(ISNUMBER(FIND(MID($L5,7,1),"ABCDEFGHIJKLMNOPQRSTUVWXYZ")),CODE(MID($L5,7,1))-55,"#"))) -> 0 | U5: =IF(LEN($L5)<8,"",IF(ISNUMBER(FIND(MID($L5,8,1),"0123456789")),MID($L5,8,1),IF(ISNUMBER(FIND(MID($L5,8,1),"ABCDEFGHIJKLMNOPQRSTUVWXYZ")),CODE(MID($L5,8,1))-55,"#"))) -> 0 | V5: =IF(LEN($L5)<9,"",IF(ISNUMBER(FIND(MID($L5,9,1),"0123456789")),MID($L5,9,1),IF(ISNUMBER(FIND(MID($L5,9,1),"ABCDEFGHIJKLMNOPQRSTUVWXYZ")),CODE(MID($L5,9,1))-55,"#"))) -> 6 | W5: =IF(LEN($L5)<10,"",IF(ISNUMBER(FIND(MID($L5,10,1),"0123456789")),MID($L5,10,1),IF(ISNUMBER(FIND(MID($L5,10,1),"ABCDEFGHIJKLMNOPQRSTUVWXYZ")),CODE(MID($L5,10,1))-55,"#"))) -> 0 | X5: =IF(LEN($L5)<11,"",IF(ISNUMBER(FIND(MID($L5,11,1),"0123456789")),MID($L5,11,1),IF(ISNUMBER(FIND(MID($L5,11,1),"ABCDEFGHIJKLMNOPQRSTUVWXYZ")),CODE(MID($L5,11,1))-55,"#"))) -> 8 | Y5: =IF(LEN($L5)<12,"",IF(ISNUMBER(FIND(MID($L5,12,1),"0123456789")),MID($L5,12,1),IF(ISNUMBER(FIND(MID($L5,12,1),"ABCDEFGHIJKLMNOPQRSTUVWXYZ")),CODE(MID($L5,12,1))-55,"#"))) -> 0 | Z5: =IF(LEN($L5)<13,"",IF(ISNUMBER(FIND(MID($L5,13,1),"0123456789")),MID($L5,13,1),IF(ISNUMBER(FIND(MID($L5,13,1),"ABCDEFGHIJKLMNOPQRSTUVWXYZ")),CODE(MID($L5,13,1))-55,"#"))) -> 1 | AA5: =IF(LEN($L5)<14,"",IF(ISNUMBER(FIND(MID($L5,14,1),"0123456789")),MID($L5,14,1),IF(ISNUMBER(FIND(MID($L5,14,1),"ABCDEFGHIJKLMNOPQRSTUVWXYZ")),CODE(MID($L5,14,1))-55,"#"))) -> 0 | AB5: =IF(LEN($L5)<15,"",IF(ISNUMBER(FIND(MID($L5,15,1),"0123456789")),MID($L5,15,1),IF(ISNUMBER(FIND(MID($L5,15,1),"ABCDEFGHIJKLMNOPQRSTUVWXYZ")),CODE(MID($L5,15,1))-55,"#"))) -> 1 | AC5: =IF(LEN($L5)<16,"",IF(ISNUMBER(FIND(MID($L5,16,1),"0123456789")),MID($L5,16,1),IF(ISNUMBER(FIND(MID($L5,16,1),"ABCDEFGHIJKLMNOPQRSTUVWXYZ")),CODE(MID($L5,16,1))-55,"#"))) -> 6 | AD5: =IF(LEN($L5)<17,"",IF(ISNUMBER(FIND(MID($L5,17,1),"0123456789")),MID($L5,17,1),IF(ISNUMBER(FIND(MID($L5,17,1),"ABCDEFGHIJKLMNOPQRSTUVWXYZ")),CODE(MID($L5,17,1))-55,"#"))) -> 7 | AE5: =IF(LEN($L5)<18,"",IF(ISNUMBER(FIND(MID($L5,18,1),"0123456789")),MID($L5,18,1),IF(ISNUMBER(FIND(MID($L5,18,1),"ABCDEFGHIJKLMNOPQRSTUVWXYZ")),CODE(MID($L5,18,1))-55,"#"))) -> 5 | AF5: =IF(LEN($L5)<19,"",IF(ISNUMBER(FIND(MID($L5,19,1),"0123456789")),MID($L5,19,1),IF(ISNUMBER(FIND(MID($L5,19,1),"ABCDEFGHIJKLMNOPQRSTUVWXYZ")),CODE(MID($L5,19,1))-55,"#"))) -> 1 | AG5: =IF(LEN($L5)<20,"",IF(ISNUMBER(FIND(MID($L5,20,1),"0123456789")),MID($L5,20,1),IF(ISNUMBER(FIND(MID($L5,20,1),"ABCDEFGHIJKLMNOPQRSTUVWXYZ")),CODE(MID($L5,20,1))-55,"#"))) -> 9 | AH5: =IF(LEN($L5)<21,"",IF(ISNUMBER(FIND(MID($L5,21,1),"0123456789")),MID($L5,21,1),IF(ISNUMBER(FIND(MID($L5,21,1),"ABCDEFGHIJKLMNOPQRSTUVWXYZ")),CODE(MID($L5,21,1))-55,"#"))) -> 28 | AI5: =IF(LEN($L5)<22,"",IF(ISNUMBER(FIND(MID($L5,22,1),"0123456789")),MID($L5,22,1),IF(ISNUMBER(FIND(MID($L5,22,1),"ABCDEFGHIJKLMNOPQRSTUVWXYZ")),CODE(MID($L5,22,1))-55,"#"))) -> 10 | AJ5: =IF(LEN($L5)<23,"",IF(ISNUMBER(FIND(MID($L5,23,1),"0123456789")),MID($L5,23,1),IF(ISNUMBER(FIND(MID($L5,23,1),"ABCDEFGHIJKLMNOPQRSTUVWXYZ")),CODE(MID($L5,23,1))-55,"#"))) -> 0 | AK5: =IF(LEN($L5)<24,"",IF(ISNUMBER(FIND(MID($L5,24,1),"0123456789")),MID($L5,24,1),IF(ISNUMBER(FIND(MID($L5,24,1),"ABCDEFGHIJKLMNOPQRSTUVWXYZ")),CODE(MID($L5,24,1))-55,"#"))) -> 3 | AL5: =IF(LEN($L5)<25,"",IF(ISNUMBER(FIND(MID($L5,25,1),"0123456789")),MID($L5,25,1),IF(ISNUMBER(FIND(MID($L5,25,1),"ABCDEFGHIJKLMNOPQRSTUVWXYZ")),CODE(MID($L5,25,1))-55,"#"))) | AM5: =IF(LEN($L5)<26,"",IF(ISNUMBER(FIND(MID($L5,26,1),"0123456789")),MID($L5,26,1),IF(ISNUMBER(FIND(MID($L5,26,1),"ABCDEFGHIJKLMNOPQRSTUVWXYZ")),CODE(MID($L5,26,1))-55,"#"))) | AN5: =IF(LEN($L5)<27,"",IF(ISNUMBER(FIND(MID($L5,27,1),"0123456789")),MID($L5,27,1),IF(ISNUMBER(FIND(MID($L5,27,1),"ABCDEFGHIJKLMNOPQRSTUVWXYZ")),CODE(MID($L5,27,1))-55,"#"))) | AO5: =IF(LEN($L5)<28,"",IF(ISNUMBER(FIND(MID($L5,28,1),"0123456789")),MID($L5,28,1),IF(ISNUMBER(FIND(MID($L5,28,1),"ABCDEFGHIJKLMNOPQRSTUVWXYZ")),CODE(MID($L5,28,1))-55,"#"))) | AP5: =IF(LEN($L5)<29,"",IF(ISNUMBER(FIND(MID($L5,29,1),"0123456789")),MID($L5,29,1),IF(ISNUMBER(FIND(MID($L5,29,1),"ABCDEFGHIJKLMNOPQRSTUVWXYZ")),CODE(MID($L5,29,1))-55,"#"))) | AQ5: =IF(LEN($L5)<30,"",IF(ISNUMBER(FIND(MID($L5,30,1),"0123456789")),MID($L5,30,1),IF(ISNUMBER(FIND(MID($L5,30,1),"ABCDEFGHIJKLMNOPQRSTUVWXYZ")),CODE(MID($L5,30,1))-55,"#"))) | AR5: =IF(LEN($L5)<31,"",IF(ISNUMBER(FIND(MID($L5,31,1),"0123456789")),MID($L5,31,1),IF(ISNUMBER(FIND(MID($L5,31,1),"ABCDEFGHIJKLMNOPQRSTUVWXYZ")),CODE(MID($L5,31,1))-55,"#"))) | AS5: =IF(LEN($L5)<32,"",IF(ISNUMBER(FIND(MID($L5,32,1),"0123456789")),MID($L5,32,1),IF(ISNUMBER(FIND(MID($L5,32,1),"ABCDEFGHIJKLMNOPQRSTUVWXYZ")),CODE(MID($L5,32,1))-55,"#"))) | AT5: =IF(LEN($L5)<33,"",IF(ISNUMBER(FIND(MID($L5,33,1),"0123456789")),MID($L5,33,1),IF(ISNUMBER(FIND(MID($L5,33,1),"ABCDEFGHIJKLMNOPQRSTUVWXYZ")),CODE(MID($L5,33,1))-55,"#"))) | AU5: =IF(LEN($L5)<34,"",IF(ISNUMBER(FIND(MID($L5,34,1),"0123456789")),MID($L5,34,1),IF(ISNUMBER(FIND(MID($L5,34,1),"ABCDEFGHIJKLMNOPQRSTUVWXYZ")),CODE(MID($L5,34,1))-55,"#"))) | AV5: =_xlfn.CONCAT(N5:AU5) -> 80000000608010167519281003 | AW5: =IF(OR(AV5="",M5=FALSE()),"",MOD(VALUE(MID(AV5,1,9)),97)) -> 72 | AX5: =IF(AW5="","",MOD(VALUE(AW5&MID(AV5,10,7)),97)) -> 30 | AY5: =IF(AX5="","",MOD(VALUE(AX5&MID(AV5,17,7)),97)) -> 84 | AZ5: =IF(AY5="","",MOD(VALUE(AY5&MID(AV5,24,7)),97)) -> 1 | BA5: =IF(AZ5="","",MOD(VALUE(AZ5&MID(AV5,31,7)),97)) -> 1 | BB5: =IF(BA5="","",MOD(VALUE(BA5&MID(AV5,38,7)),97)) -> 1 | BC5: =IF(BB5="","",MOD(VALUE(BB5&MID(AV5,45,7)),97)) -> 1 | BD5: =IF(BC5="","",MOD(VALUE(BC5&MID(AV5,52,7)),97)) -> 1 | BE5: =IF(BD5="","",MOD(VALUE(BD5&MID(AV5,59,7)),97)) -> 1 | BF5: =IF(BE5="","",MOD(VALUE(BE5&MID(AV5,66,7)),97)) -> 1
A6: SA04 8000 0000 6080 1016 7519 | B6: =UPPER(SUBSTITUTE(SUBSTITUTE(SUBSTITUTE(TRIM(A6)," ",""),"-",""),CHAR(160),"")) -> SA0480000000608010167519 | C6: =IF(B6="","",LEN(B6)) -> 24 | D6: =IF(B6="","",LEFT(B6,2)) -> SA | E6: =IF(B6="","",MID(B6,3,2)) -> 04 | F6: =IF(B6="","",MID(B6,5,2)) -> 80 | G6: =IF(B6="","",IFERROR(INDEX('رموز البنوك'!$C$5:$C$30,MATCH(F6,'رموز البنوك'!$B$5:$B$30,0)),"رمز غير معروف")) -> مصرف الراجحي | H6: =BF6 -> 2 | I6: =IF(OR(H6="",NOT(AND(ISNUMBER(FIND(MID(B6,3,1),"0123456789")),ISNUMBER(FIND(MID(B6,4,1),"0123456789"))))),"",TEXT(98-MOD(H6-VALUE(E6),97),"00")) -> 03 | J6: =IF(B6="","",IF(LEFT(K6,10)="آيبان صحيح","صحيح ✓","غير صحيح ✗")) -> غير صحيح ✗ | K6: =IF(B6="","",IF(M6=FALSE(),"يحتوي رموزاً غير مسموحة (المسموح A–Z و 0–9 فقط)",IF(D6<>"SA","رمز الدولة "&D6&" — هذا المدقق للآيبان السعودي SA",IF(C6<>24,"الطول "&C6&" خانة والمطلوب 24",IF(NOT(AND(ISNUMBER(FIND(MID(B6,3,1),"0123456789")),ISNUMBER(FIND(MID(B6,4,1),"0123456789")))),"خانتا التدقيق يجب أن تكونا رقمين",IF(ISERROR(VALUE(MID(B6,5,20))),"رمز البنك ورقم الحساب يجب أن يكونا أرقاماً",IF(H6<>1,"فشل اختبار MOD-97 (الباقي "&H6&" وليس 1) — خطأ في كتابة الرقم؛ خانتا التدقيق الصحيحتان لهذا الحساب "&I6,IF(G6="رمز غير معروف","اجتاز MOD-97 لكن رمز البنك "&F6&" غير مسجل في جدول البنوك","آيبان صحيح — "&G6)))))))) -> فشل اختبار MOD-97 (الباقي 2 وليس 1) — خطأ في كتابة الرقم؛ خانتا التدقيق الصحيحتان لهذا الحساب 03 | L6: =IF(B6="","",MID(B6,5,40)&LEFT(B6,4)) -> 80000000608010167519SA04 | M6: =IF(L6="","",NOT(ISNUMBER(FIND("#",AV6)))) -> TRUE | N6: =IF(LEN($L6)<1,"",IF(ISNUMBER(FIND(MID($L6,1,1),"0123456789")),MID($L6,1,1),IF(ISNUMBER(FIND(MID($L6,1,1),"ABCDEFGHIJKLMNOPQRSTUVWXYZ")),CODE(MID($L6,1,1))-55,"#"))) -> 8 | O6: =IF(LEN($L6)<2,"",IF(ISNUMBER(FIND(MID($L6,2,1),"0123456789")),MID($L6,2,1),IF(ISNUMBER(FIND(MID($L6,2,1),"ABCDEFGHIJKLMNOPQRSTUVWXYZ")),CODE(MID($L6,2,1))-55,"#"))) -> 0 | P6: =IF(LEN($L6)<3,"",IF(ISNUMBER(FIND(MID($L6,3,1),"0123456789")),MID($L6,3,1),IF(ISNUMBER(FIND(MID($L6,3,1),"ABCDEFGHIJKLMNOPQRSTUVWXYZ")),CODE(MID($L6,3,1))-55,"#"))) -> 0 | Q6: =IF(LEN($L6)<4,"",IF(ISNUMBER(FIND(MID($L6,4,1),"0123456789")),MID($L6,4,1),IF(ISNUMBER(FIND(MID($L6,4,1),"ABCDEFGHIJKLMNOPQRSTUVWXYZ")),CODE(MID($L6,4,1))-55,"#"))) -> 0 | R6: =IF(LEN($L6)<5,"",IF(ISNUMBER(FIND(MID($L6,5,1),"0123456789")),MID($L6,5,1),IF(ISNUMBER(FIND(MID($L6,5,1),"ABCDEFGHIJKLMNOPQRSTUVWXYZ")),CODE(MID($L6,5,1))-55,"#"))) -> 0 | S6: =IF(LEN($L6)<6,"",IF(ISNUMBER(FIND(MID($L6,6,1),"0123456789")),MID($L6,6,1),IF(ISNUMBER(FIND(MID($L6,6,1),"ABCDEFGHIJKLMNOPQRSTUVWXYZ")),CODE(MID($L6,6,1))-55,"#"))) -> 0 | T6: =IF(LEN($L6)<7,"",IF(ISNUMBER(FIND(MID($L6,7,1),"0123456789")),MID($L6,7,1),IF(ISNUMBER(FIND(MID($L6,7,1),"ABCDEFGHIJKLMNOPQRSTUVWXYZ")),CODE(MID($L6,7,1))-55,"#"))) -> 0 | U6: =IF(LEN($L6)<8,"",IF(ISNUMBER(FIND(MID($L6,8,1),"0123456789")),MID($L6,8,1),IF(ISNUMBER(FIND(MID($L6,8,1),"ABCDEFGHIJKLMNOPQRSTUVWXYZ")),CODE(MID($L6,8,1))-55,"#"))) -> 0 | V6: =IF(LEN($L6)<9,"",IF(ISNUMBER(FIND(MID($L6,9,1),"0123456789")),MID($L6,9,1),IF(ISNUMBER(FIND(MID($L6,9,1),"ABCDEFGHIJKLMNOPQRSTUVWXYZ")),CODE(MID($L6,9,1))-55,"#"))) -> 6 | W6: =IF(LEN($L6)<10,"",IF(ISNUMBER(FIND(MID($L6,10,1),"0123456789")),MID($L6,10,1),IF(ISNUMBER(FIND(MID($L6,10,1),"ABCDEFGHIJKLMNOPQRSTUVWXYZ")),CODE(MID($L6,10,1))-55,"#"))) -> 0 | X6: =IF(LEN($L6)<11,"",IF(ISNUMBER(FIND(MID($L6,11,1),"0123456789")),MID($L6,11,1),IF(ISNUMBER(FIND(MID($L6,11,1),"ABCDEFGHIJKLMNOPQRSTUVWXYZ")),CODE(MID($L6,11,1))-55,"#"))) -> 8 | Y6: =IF(LEN($L6)<12,"",IF(ISNUMBER(FIND(MID($L6,12,1),"0123456789")),MID($L6,12,1),IF(ISNUMBER(FIND(MID($L6,12,1),"ABCDEFGHIJKLMNOPQRSTUVWXYZ")),CODE(MID($L6,12,1))-55,"#"))) -> 0 | Z6: =IF(LEN($L6)<13,"",IF(ISNUMBER(FIND(MID($L6,13,1),"0123456789")),MID($L6,13,1),IF(ISNUMBER(FIND(MID($L6,13,1),"ABCDEFGHIJKLMNOPQRSTUVWXYZ")),CODE(MID($L6,13,1))-55,"#"))) -> 1 | AA6: =IF(LEN($L6)<14,"",IF(ISNUMBER(FIND(MID($L6,14,1),"0123456789")),MID($L6,14,1),IF(ISNUMBER(FIND(MID($L6,14,1),"ABCDEFGHIJKLMNOPQRSTUVWXYZ")),CODE(MID($L6,14,1))-55,"#"))) -> 0 | AB6: =IF(LEN($L6)<15,"",IF(ISNUMBER(FIND(MID($L6,15,1),"0123456789")),MID($L6,15,1),IF(ISNUMBER(FIND(MID($L6,15,1),"ABCDEFGHIJKLMNOPQRSTUVWXYZ")),CODE(MID($L6,15,1))-55,"#"))) -> 1 | AC6: =IF(LEN($L6)<16,"",IF(ISNUMBER(FIND(MID($L6,16,1),"0123456789")),MID($L6,16,1),IF(ISNUMBER(FIND(MID($L6,16,1),"ABCDEFGHIJKLMNOPQRSTUVWXYZ")),CODE(MID($L6,16,1))-55,"#"))) -> 6 | AD6: =IF(LEN($L6)<17,"",IF(ISNUMBER(FIND(MID($L6,17,1),"0123456789")),MID($L6,17,1),IF(ISNUMBER(FIND(MID($L6,17,1),"ABCDEFGHIJKLMNOPQRSTUVWXYZ")),CODE(MID($L6,17,1))-55,"#"))) -> 7 | AE6: =IF(LEN($L6)<18,"",IF(ISNUMBER(FIND(MID($L6,18,1),"0123456789")),MID($L6,18,1),IF(ISNUMBER(FIND(MID($L6,18,1),"ABCDEFGHIJKLMNOPQRSTUVWXYZ")),CODE(MID($L6,18,1))-55,"#"))) -> 5 | AF6: =IF(LEN($L6)<19,"",IF(ISNUMBER(FIND(MID($L6,19,1),"0123456789")),MID($L6,19,1),IF(ISNUMBER(FIND(MID($L6,19,1),"ABCDEFGHIJKLMNOPQRSTUVWXYZ")),CODE(MID($L6,19,1))-55,"#"))) -> 1 | AG6: =IF(LEN($L6)<20,"",IF(ISNUMBER(FIND(MID($L6,20,1),"0123456789")),MID($L6,20,1),IF(ISNUMBER(FIND(MID($L6,20,1),"ABCDEFGHIJKLMNOPQRSTUVWXYZ")),CODE(MID($L6,20,1))-55,"#"))) -> 9 | AH6: =IF(LEN($L6)<21,"",IF(ISNUMBER(FIND(MID($L6,21,1),"0123456789")),MID($L6,21,1),IF(ISNUMBER(FIND(MID($L6,21,1),"ABCDEFGHIJKLMNOPQRSTUVWXYZ")),CODE(MID($L6,21,1))-55,"#"))) -> 28 | AI6: =IF(LEN($L6)<22,"",IF(ISNUMBER(FIND(MID($L6,22,1),"0123456789")),MID($L6,22,1),IF(ISNUMBER(FIND(MID($L6,22,1),"ABCDEFGHIJKLMNOPQRSTUVWXYZ")),CODE(MID($L6,22,1))-55,"#"))) -> 10 | AJ6: =IF(LEN($L6)<23,"",IF(ISNUMBER(FIND(MID($L6,23,1),"0123456789")),MID($L6,23,1),IF(ISNUMBER(FIND(MID($L6,23,1),"ABCDEFGHIJKLMNOPQRSTUVWXYZ")),CODE(MID($L6,23,1))-55,"#"))) -> 0 | AK6: =IF(LEN($L6)<24,"",IF(ISNUMBER(FIND(MID($L6,24,1),"0123456789")),MID($L6,24,1),IF(ISNUMBER(FIND(MID($L6,24,1),"ABCDEFGHIJKLMNOPQRSTUVWXYZ")),CODE(MID($L6,24,1))-55,"#"))) -> 4 | AL6: =IF(LEN($L6)<25,"",IF(ISNUMBER(FIND(MID($L6,25,1),"0123456789")),MID($L6,25,1),IF(ISNUMBER(FIND(MID($L6,25,1),"ABCDEFGHIJKLMNOPQRSTUVWXYZ")),CODE(MID($L6,25,1))-55,"#"))) | AM6: =IF(LEN($L6)<26,"",IF(ISNUMBER(FIND(MID($L6,26,1),"0123456789")),MID($L6,26,1),IF(ISNUMBER(FIND(MID($L6,26,1),"ABCDEFGHIJKLMNOPQRSTUVWXYZ")),CODE(MID($L6,26,1))-55,"#"))) | AN6: =IF(LEN($L6)<27,"",IF(ISNUMBER(FIND(MID($L6,27,1),"0123456789")),MID($L6,27,1),IF(ISNUMBER(FIND(MID($L6,27,1),"ABCDEFGHIJKLMNOPQRSTUVWXYZ")),CODE(MID($L6,27,1))-55,"#"))) | AO6: =IF(LEN($L6)<28,"",IF(ISNUMBER(FIND(MID($L6,28,1),"0123456789")),MID($L6,28,1),IF(ISNUMBER(FIND(MID($L6,28,1),"ABCDEFGHIJKLMNOPQRSTUVWXYZ")),CODE(MID($L6,28,1))-55,"#"))) | AP6: =IF(LEN($L6)<29,"",IF(ISNUMBER(FIND(MID($L6,29,1),"0123456789")),MID($L6,29,1),IF(ISNUMBER(FIND(MID($L6,29,1),"ABCDEFGHIJKLMNOPQRSTUVWXYZ")),CODE(MID($L6,29,1))-55,"#"))) | AQ6: =IF(LEN($L6)<30,"",IF(ISNUMBER(FIND(MID($L6,30,1),"0123456789")),MID($L6,30,1),IF(ISNUMBER(FIND(MID($L6,30,1),"ABCDEFGHIJKLMNOPQRSTUVWXYZ")),CODE(MID($L6,30,1))-55,"#"))) | AR6: =IF(LEN($L6)<31,"",IF(ISNUMBER(FIND(MID($L6,31,1),"0123456789")),MID($L6,31,1),IF(ISNUMBER(FIND(MID($L6,31,1),"ABCDEFGHIJKLMNOPQRSTUVWXYZ")),CODE(MID($L6,31,1))-55,"#"))) | AS6: =IF(LEN($L6)<32,"",IF(ISNUMBER(FIND(MID($L6,32,1),"0123456789")),MID($L6,32,1),IF(ISNUMBER(FIND(MID($L6,32,1),"ABCDEFGHIJKLMNOPQRSTUVWXYZ")),CODE(MID($L6,32,1))-55,"#"))) | AT6: =IF(LEN($L6)<33,"",IF(ISNUMBER(FIND(MID($L6,33,1),"0123456789")),MID($L6,33,1),IF(ISNUMBER(FIND(MID($L6,33,1),"ABCDEFGHIJKLMNOPQRSTUVWXYZ")),CODE(MID($L6,33,1))-55,"#"))) | AU6: =IF(LEN($L6)<34,"",IF(ISNUMBER(FIND(MID($L6,34,1),"0123456789")),MID($L6,34,1),IF(ISNUMBER(FIND(MID($L6,34,1),"ABCDEFGHIJKLMNOPQRSTUVWXYZ")),CODE(MID($L6,34,1))-55,"#"))) | AV6: =_xlfn.CONCAT(N6:AU6) -> 80000000608010167519281004 | AW6: =IF(OR(AV6="",M6=FALSE()),"",MOD(VALUE(MID(AV6,1,9)),97)) -> 72 | AX6: =IF(AW6="","",MOD(VALUE(AW6&MID(AV6,10,7)),97)) -> 30 | AY6: =IF(AX6="","",MOD(VALUE(AX6&MID(AV6,17,7)),97)) -> 84 | AZ6: =IF(AY6="","",MOD(VALUE(AY6&MID(AV6,24,7)),97)) -> 2 | BA6: =IF(AZ6="","",MOD(VALUE(AZ6&MID(AV6,31,7)),97)) -> 2 | BB6: =IF(BA6="","",MOD(VALUE(BA6&MID(AV6,38,7)),97)) -> 2 | BC6: =IF(BB6="","",MOD(VALUE(BB6&MID(AV6,45,7)),97)) -> 2 | BD6: =IF(BC6="","",MOD(VALUE(BC6&MID(AV6,52,7)),97)) -> 2 | BE6: =IF(BD6="","",MOD(VALUE(BD6&MID(AV6,59,7)),97)) -> 2 | BF6: =IF(BE6="","",MOD(VALUE(BE6&MID(AV6,66,7)),97)) -> 2
A7: SA03 8000 0000 6080 1016 7591 | B7: =UPPER(SUBSTITUTE(SUBSTITUTE(SUBSTITUTE(TRIM(A7)," ",""),"-",""),CHAR(160),"")) -> SA0380000000608010167591 | C7: =IF(B7="","",LEN(B7)) -> 24 | D7: =IF(B7="","",LEFT(B7,2)) -> SA | E7: =IF(B7="","",MID(B7,3,2)) -> 03 | F7: =IF(B7="","",MID(B7,5,2)) -> 80 | G7: =IF(B7="","",IFERROR(INDEX('رموز البنوك'!$C$5:$C$30,MATCH(F7,'رموز البنوك'!$B$5:$B$30,0)),"رمز غير معروف")) -> مصرف الراجحي | H7: =BF7 -> 5 | I7: =IF(OR(H7="",NOT(AND(ISNUMBER(FIND(MID(B7,3,1),"0123456789")),ISNUMBER(FIND(MID(B7,4,1),"0123456789"))))),"",TEXT(98-MOD(H7-VALUE(E7),97),"00")) -> 96 | J7: =IF(B7="","",IF(LEFT(K7,10)="آيبان صحيح","صحيح ✓","غير صحيح ✗")) -> غير صحيح ✗ | K7: =IF(B7="","",IF(M7=FALSE(),"يحتوي رموزاً غير مسموحة (المسموح A–Z و 0–9 فقط)",IF(D7<>"SA","رمز الدولة "&D7&" — هذا المدقق للآيبان السعودي SA",IF(C7<>24,"الطول "&C7&" خانة والمطلوب 24",IF(NOT(AND(ISNUMBER(FIND(MID(B7,3,1),"0123456789")),ISNUMBER(FIND(MID(B7,4,1),"0123456789")))),"خانتا التدقيق يجب أن تكونا رقمين",IF(ISERROR(VALUE(MID(B7,5,20))),"رمز البنك ورقم الحساب يجب أن يكونا أرقاماً",IF(H7<>1,"فشل اختبار MOD-97 (الباقي "&H7&" وليس 1) — خطأ في كتابة الرقم؛ خانتا التدقيق الصحيحتان لهذا الحساب "&I7,IF(G7="رمز غير معروف","اجتاز MOD-97 لكن رمز البنك "&F7&" غير مسجل في جدول البنوك","آيبان صحيح — "&G7)))))))) -> فشل اختبار MOD-97 (الباقي 5 وليس 1) — خطأ في كتابة الرقم؛ خانتا التدقيق الصحيحتان لهذا الحساب 96 | L7: =IF(B7="","",MID(B7,5,40)&LEFT(B7,4)) -> 80000000608010167591SA03 | M7: =IF(L7="","",NOT(ISNUMBER(FIND("#",AV7)))) -> TRUE | N7: =IF(LEN($L7)<1,"",IF(ISNUMBER(FIND(MID($L7,1,1),"0123456789")),MID($L7,1,1),IF(ISNUMBER(FIND(MID($L7,1,1),"ABCDEFGHIJKLMNOPQRSTUVWXYZ")),CODE(MID($L7,1,1))-55,"#"))) -> 8 | O7: =IF(LEN($L7)<2,"",IF(ISNUMBER(FIND(MID($L7,2,1),"0123456789")),MID($L7,2,1),IF(ISNUMBER(FIND(MID($L7,2,1),"ABCDEFGHIJKLMNOPQRSTUVWXYZ")),CODE(MID($L7,2,1))-55,"#"))) -> 0 | P7: =IF(LEN($L7)<3,"",IF(ISNUMBER(FIND(MID($L7,3,1),"0123456789")),MID($L7,3,1),IF(ISNUMBER(FIND(MID($L7,3,1),"ABCDEFGHIJKLMNOPQRSTUVWXYZ")),CODE(MID($L7,3,1))-55,"#"))) -> 0 | Q7: =IF(LEN($L7)<4,"",IF(ISNUMBER(FIND(MID($L7,4,1),"0123456789")),MID($L7,4,1),IF(ISNUMBER(FIND(MID($L7,4,1),"ABCDEFGHIJKLMNOPQRSTUVWXYZ")),CODE(MID($L7,4,1))-55,"#"))) -> 0 | R7: =IF(LEN($L7)<5,"",IF(ISNUMBER(FIND(MID($L7,5,1),"0123456789")),MID($L7,5,1),IF(ISNUMBER(FIND(MID($L7,5,1),"ABCDEFGHIJKLMNOPQRSTUVWXYZ")),CODE(MID($L7,5,1))-55,"#"))) -> 0 | S7: =IF(LEN($L7)<6,"",IF(ISNUMBER(FIND(MID($L7,6,1),"0123456789")),MID($L7,6,1),IF(ISNUMBER(FIND(MID($L7,6,1),"ABCDEFGHIJKLMNOPQRSTUVWXYZ")),CODE(MID($L7,6,1))-55,"#"))) -> 0 | T7: =IF(LEN($L7)<7,"",IF(ISNUMBER(FIND(MID($L7,7,1),"0123456789")),MID($L7,7,1),IF(ISNUMBER(FIND(MID($L7,7,1),"ABCDEFGHIJKLMNOPQRSTUVWXYZ")),CODE(MID($L7,7,1))-55,"#"))) -> 0 | U7: =IF(LEN($L7)<8,"",IF(ISNUMBER(FIND(MID($L7,8,1),"0123456789")),MID($L7,8,1),IF(ISNUMBER(FIND(MID($L7,8,1),"ABCDEFGHIJKLMNOPQRSTUVWXYZ")),CODE(MID($L7,8,1))-55,"#"))) -> 0 | V7: =IF(LEN($L7)<9,"",IF(ISNUMBER(FIND(MID($L7,9,1),"0123456789")),MID($L7,9,1),IF(ISNUMBER(FIND(MID($L7,9,1),"ABCDEFGHIJKLMNOPQRSTUVWXYZ")),CODE(MID($L7,9,1))-55,"#"))) -> 6 | W7: =IF(LEN($L7)<10,"",IF(ISNUMBER(FIND(MID($L7,10,1),"0123456789")),MID($L7,10,1),IF(ISNUMBER(FIND(MID($L7,10,1),"ABCDEFGHIJKLMNOPQRSTUVWXYZ")),CODE(MID($L7,10,1))-55,"#"))) -> 0 | X7: =IF(LEN($L7)<11,"",IF(ISNUMBER(FIND(MID($L7,11,1),"0123456789")),MID($L7,11,1),IF(ISNUMBER(FIND(MID($L7,11,1),"ABCDEFGHIJKLMNOPQRSTUVWXYZ")),CODE(MID($L7,11,1))-55,"#"))) -> 8 | Y7: =IF(LEN($L7)<12,"",IF(ISNUMBER(FIND(MID($L7,12,1),"0123456789")),MID($L7,12,1),IF(ISNUMBER(FIND(MID($L7,12,1),"ABCDEFGHIJKLMNOPQRSTUVWXYZ")),CODE(MID($L7,12,1))-55,"#"))) -> 0 | Z7: =IF(LEN($L7)<13,"",IF(ISNUMBER(FIND(MID($L7,13,1),"0123456789")),MID($L7,13,1),IF(ISNUMBER(FIND(MID($L7,13,1),"ABCDEFGHIJKLMNOPQRSTUVWXYZ")),CODE(MID($L7,13,1))-55,"#"))) -> 1 | AA7: =IF(LEN($L7)<14,"",IF(ISNUMBER(FIND(MID($L7,14,1),"0123456789")),MID($L7,14,1),IF(ISNUMBER(FIND(MID($L7,14,1),"ABCDEFGHIJKLMNOPQRSTUVWXYZ")),CODE(MID($L7,14,1))-55,"#"))) -> 0 | AB7: =IF(LEN($L7)<15,"",IF(ISNUMBER(FIND(MID($L7,15,1),"0123456789")),MID($L7,15,1),IF(ISNUMBER(FIND(MID($L7,15,1),"ABCDEFGHIJKLMNOPQRSTUVWXYZ")),CODE(MID($L7,15,1))-55,"#"))) -> 1 | AC7: =IF(LEN($L7)<16,"",IF(ISNUMBER(FIND(MID($L7,16,1),"0123456789")),MID($L7,16,1),IF(ISNUMBER(FIND(MID($L7,16,1),"ABCDEFGHIJKLMNOPQRSTUVWXYZ")),CODE(MID($L7,16,1))-55,"#"))) -> 6 | AD7: =IF(LEN($L7)<17,"",IF(ISNUMBER(FIND(MID($L7,17,1),"0123456789")),MID($L7,17,1),IF(ISNUMBER(FIND(MID($L7,17,1),"ABCDEFGHIJKLMNOPQRSTUVWXYZ")),CODE(MID($L7,17,1))-55,"#"))) -> 7 | AE7: =IF(LEN($L7)<18,"",IF(ISNUMBER(FIND(MID($L7,18,1),"0123456789")),MID($L7,18,1),IF(ISNUMBER(FIND(MID($L7,18,1),"ABCDEFGHIJKLMNOPQRSTUVWXYZ")),CODE(MID($L7,18,1))-55,"#"))) -> 5 | AF7: =IF(LEN($L7)<19,"",IF(ISNUMBER(FIND(MID($L7,19,1),"0123456789")),MID($L7,19,1),IF(ISNUMBER(FIND(MID($L7,19,1),"ABCDEFGHIJKLMNOPQRSTUVWXYZ")),CODE(MID($L7,19,1))-55,"#"))) -> 9 | AG7: =IF(LEN($L7)<20,"",IF(ISNUMBER(FIND(MID($L7,20,1),"0123456789")),MID($L7,20,1),IF(ISNUMBER(FIND(MID($L7,20,1),"ABCDEFGHIJKLMNOPQRSTUVWXYZ")),CODE(MID($L7,20,1))-55,"#"))) -> 1 | AH7: =IF(LEN($L7)<21,"",IF(ISNUMBER(FIND(MID($L7,21,1),"0123456789")),MID($L7,21,1),IF(ISNUMBER(FIND(MID($L7,21,1),"ABCDEFGHIJKLMNOPQRSTUVWXYZ")),CODE(MID($L7,21,1))-55,"#"))) -> 28 | AI7: =IF(LEN($L7)<22,"",IF(ISNUMBER(FIND(MID($L7,22,1),"0123456789")),MID($L7,22,1),IF(ISNUMBER(FIND(MID($L7,22,1),"ABCDEFGHIJKLMNOPQRSTUVWXYZ")),CODE(MID($L7,22,1))-55,"#"))) -> 10 | AJ7: =IF(LEN($L7)<23,"",IF(ISNUMBER(FIND(MID($L7,23,1),"0123456789")),MID($L7,23,1),IF(ISNUMBER(FIND(MID($L7,23,1),"ABCDEFGHIJKLMNOPQRSTUVWXYZ")),CODE(MID($L7,23,1))-55,"#"))) -> 0 | AK7: =IF(LEN($L7)<24,"",IF(ISNUMBER(FIND(MID($L7,24,1),"0123456789")),MID($L7,24,1),IF(ISNUMBER(FIND(MID($L7,24,1),"ABCDEFGHIJKLMNOPQRSTUVWXYZ")),CODE(MID($L7,24,1))-55,"#"))) -> 3 | AL7: =IF(LEN($L7)<25,"",IF(ISNUMBER(FIND(MID($L7,25,1),"0123456789")),MID($L7,25,1),IF(ISNUMBER(FIND(MID($L7,25,1),"ABCDEFGHIJKLMNOPQRSTUVWXYZ")),CODE(MID($L7,25,1))-55,"#"))) | AM7: =IF(LEN($L7)<26,"",IF(ISNUMBER(FIND(MID($L7,26,1),"0123456789")),MID($L7,26,1),IF(ISNUMBER(FIND(MID($L7,26,1),"ABCDEFGHIJKLMNOPQRSTUVWXYZ")),CODE(MID($L7,26,1))-55,"#"))) | AN7: =IF(LEN($L7)<27,"",IF(ISNUMBER(FIND(MID($L7,27,1),"0123456789")),MID($L7,27,1),IF(ISNUMBER(FIND(MID($L7,27,1),"ABCDEFGHIJKLMNOPQRSTUVWXYZ")),CODE(MID($L7,27,1))-55,"#"))) | AO7: =IF(LEN($L7)<28,"",IF(ISNUMBER(FIND(MID($L7,28,1),"0123456789")),MID($L7,28,1),IF(ISNUMBER(FIND(MID($L7,28,1),"ABCDEFGHIJKLMNOPQRSTUVWXYZ")),CODE(MID($L7,28,1))-55,"#"))) | AP7: =IF(LEN($L7)<29,"",IF(ISNUMBER(FIND(MID($L7,29,1),"0123456789")),MID($L7,29,1),IF(ISNUMBER(FIND(MID($L7,29,1),"ABCDEFGHIJKLMNOPQRSTUVWXYZ")),CODE(MID($L7,29,1))-55,"#"))) | AQ7: =IF(LEN($L7)<30,"",IF(ISNUMBER(FIND(MID($L7,30,1),"0123456789")),MID($L7,30,1),IF(ISNUMBER(FIND(MID($L7,30,1),"ABCDEFGHIJKLMNOPQRSTUVWXYZ")),CODE(MID($L7,30,1))-55,"#"))) | AR7: =IF(LEN($L7)<31,"",IF(ISNUMBER(FIND(MID($L7,31,1),"0123456789")),MID($L7,31,1),IF(ISNUMBER(FIND(MID($L7,31,1),"ABCDEFGHIJKLMNOPQRSTUVWXYZ")),CODE(MID($L7,31,1))-55,"#"))) | AS7: =IF(LEN($L7)<32,"",IF(ISNUMBER(FIND(MID($L7,32,1),"0123456789")),MID($L7,32,1),IF(ISNUMBER(FIND(MID($L7,32,1),"ABCDEFGHIJKLMNOPQRSTUVWXYZ")),CODE(MID($L7,32,1))-55,"#"))) | AT7: =IF(LEN($L7)<33,"",IF(ISNUMBER(FIND(MID($L7,33,1),"0123456789")),MID($L7,33,1),IF(ISNUMBER(FIND(MID($L7,33,1),"ABCDEFGHIJKLMNOPQRSTUVWXYZ")),CODE(MID($L7,33,1))-55,"#"))) | AU7: =IF(LEN($L7)<34,"",IF(ISNUMBER(FIND(MID($L7,34,1),"0123456789")),MID($L7,34,1),IF(ISNUMBER(FIND(MID($L7,34,1),"ABCDEFGHIJKLMNOPQRSTUVWXYZ")),CODE(MID($L7,34,1))-55,"#"))) | AV7: =_xlfn.CONCAT(N7:AU7) -> 80000000608010167591281003 | AW7: =IF(OR(AV7="",M7=FALSE()),"",MOD(VALUE(MID(AV7,1,9)),97)) -> 72 | AX7: =IF(AW7="","",MOD(VALUE(AW7&MID(AV7,10,7)),97)) -> 30 | AY7: =IF(AX7="","",MOD(VALUE(AX7&MID(AV7,17,7)),97)) -> 13 | AZ7: =IF(AY7="","",MOD(VALUE(AY7&MID(AV7,24,7)),97)) -> 5 | BA7: =IF(AZ7="","",MOD(VALUE(AZ7&MID(AV7,31,7)),97)) -> 5 | BB7: =IF(BA7="","",MOD(VALUE(BA7&MID(AV7,38,7)),97)) -> 5 | BC7: =IF(BB7="","",MOD(VALUE(BB7&MID(AV7,45,7)),97)) -> 5 | BD7: =IF(BC7="","",MOD(VALUE(BC7&MID(AV7,52,7)),97)) -> 5 | BE7: =IF(BD7="","",MOD(VALUE(BD7&MID(AV7,59,7)),97)) -> 5 | BF7: =IF(BE7="","",MOD(VALUE(BE7&MID(AV7,66,7)),97)) -> 5
A8: SA44 2000 0001 2345 6789 1234 | B8: =UPPER(SUBSTITUTE(SUBSTITUTE(SUBSTITUTE(TRIM(A8)," ",""),"-",""),CHAR(160),"")) -> SA4420000001234567891234 | C8: =IF(B8="","",LEN(B8)) -> 24 | D8: =IF(B8="","",LEFT(B8,2)) -> SA | E8: =IF(B8="","",MID(B8,3,2)) -> 44 | F8: =IF(B8="","",MID(B8,5,2)) -> 20 | G8: =IF(B8="","",IFERROR(INDEX('رموز البنوك'!$C$5:$C$30,MATCH(F8,'رموز البنوك'!$B$5:$B$30,0)),"رمز غير معروف")) -> بنك الرياض | H8: =BF8 -> 1 | I8: =IF(OR(H8="",NOT(AND(ISNUMBER(FIND(MID(B8,3,1),"0123456789")),ISNUMBER(FIND(MID(B8,4,1),"0123456789"))))),"",TEXT(98-MOD(H8-VALUE(E8),97),"00")) -> 44 | J8: =IF(B8="","",IF(LEFT(K8,10)="آيبان صحيح","صحيح ✓","غير صحيح ✗")) -> صحيح ✓ | K8: =IF(B8="","",IF(M8=FALSE(),"يحتوي رموزاً غير مسموحة (المسموح A–Z و 0–9 فقط)",IF(D8<>"SA","رمز الدولة "&D8&" — هذا المدقق للآيبان السعودي SA",IF(C8<>24,"الطول "&C8&" خانة والمطلوب 24",IF(NOT(AND(ISNUMBER(FIND(MID(B8,3,1),"0123456789")),ISNUMBER(FIND(MID(B8,4,1),"0123456789")))),"خانتا التدقيق يجب أن تكونا رقمين",IF(ISERROR(VALUE(MID(B8,5,20))),"رمز البنك ورقم الحساب يجب أن يكونا أرقاماً",IF(H8<>1,"فشل اختبار MOD-97 (الباقي "&H8&" وليس 1) — خطأ في كتابة الرقم؛ خانتا التدقيق الصحيحتان لهذا الحساب "&I8,IF(G8="رمز غير معروف","اجتاز MOD-97 لكن رمز البنك "&F8&" غير مسجل في جدول البنوك","آيبان صحيح — "&G8)))))))) -> آيبان صحيح — بنك الرياض | L8: =IF(B8="","",MID(B8,5,40)&LEFT(B8,4)) -> 20000001234567891234SA44 | M8: =IF(L8="","",NOT(ISNUMBER(FIND("#",AV8)))) -> TRUE | N8: =IF(LEN($L8)<1,"",IF(ISNUMBER(FIND(MID($L8,1,1),"0123456789")),MID($L8,1,1),IF(ISNUMBER(FIND(MID($L8,1,1),"ABCDEFGHIJKLMNOPQRSTUVWXYZ")),CODE(MID($L8,1,1))-55,"#"))) -> 2 | O8: =IF(LEN($L8)<2,"",IF(ISNUMBER(FIND(MID($L8,2,1),"0123456789")),MID($L8,2,1),IF(ISNUMBER(FIND(MID($L8,2,1),"ABCDEFGHIJKLMNOPQRSTUVWXYZ")),CODE(MID($L8,2,1))-55,"#"))) -> 0 | P8: =IF(LEN($L8)<3,"",IF(ISNUMBER(FIND(MID($L8,3,1),"0123456789")),MID($L8,3,1),IF(ISNUMBER(FIND(MID($L8,3,1),"ABCDEFGHIJKLMNOPQRSTUVWXYZ")),CODE(MID($L8,3,1))-55,"#"))) -> 0 | Q8: =IF(LEN($L8)<4,"",IF(ISNUMBER(FIND(MID($L8,4,1),"0123456789")),MID($L8,4,1),IF(ISNUMBER(FIND(MID($L8,4,1),"ABCDEFGHIJKLMNOPQRSTUVWXYZ")),CODE(MID($L8,4,1))-55,"#"))) -> 0 | R8: =IF(LEN($L8)<5,"",IF(ISNUMBER(FIND(MID($L8,5,1),"0123456789")),MID($L8,5,1),IF(ISNUMBER(FIND(MID($L8,5,1),"ABCDEFGHIJKLMNOPQRSTUVWXYZ")),CODE(MID($L8,5,1))-55,"#"))) -> 0 | S8: =IF(LEN($L8)<6,"",IF(ISNUMBER(FIND(MID($L8,6,1),"0123456789")),MID($L8,6,1),IF(ISNUMBER(FIND(MID($L8,6,1),"ABCDEFGHIJKLMNOPQRSTUVWXYZ")),CODE(MID($L8,6,1))-55,"#"))) -> 0 | T8: =IF(LEN($L8)<7,"",IF(ISNUMBER(FIND(MID($L8,7,1),"0123456789")),MID($L8,7,1),IF(ISNUMBER(FIND(MID($L8,7,1),"ABCDEFGHIJKLMNOPQRSTUVWXYZ")),CODE(MID($L8,7,1))-55,"#"))) -> 0 | U8: =IF(LEN($L8)<8,"",IF(ISNUMBER(FIND(MID($L8,8,1),"0123456789")),MID($L8,8,1),IF(ISNUMBER(FIND(MID($L8,8,1),"ABCDEFGHIJKLMNOPQRSTUVWXYZ")),CODE(MID($L8,8,1))-55,"#"))) -> 1 | V8: =IF(LEN($L8)<9,"",IF(ISNUMBER(FIND(MID($L8,9,1),"0123456789")),MID($L8,9,1),IF(ISNUMBER(FIND(MID($L8,9,1),"ABCDEFGHIJKLMNOPQRSTUVWXYZ")),CODE(MID($L8,9,1))-55,"#"))) -> 2 | W8: =IF(LEN($L8)<10,"",IF(ISNUMBER(FIND(MID($L8,10,1),"0123456789")),MID($L8,10,1),IF(ISNUMBER(FIND(MID($L8,10,1),"ABCDEFGHIJKLMNOPQRSTUVWXYZ")),CODE(MID($L8,10,1))-55,"#"))) -> 3 | X8: =IF(LEN($L8)<11,"",IF(ISNUMBER(FIND(MID($L8,11,1),"0123456789")),MID($L8,11,1),IF(ISNUMBER(FIND(MID($L8,11,1),"ABCDEFGHIJKLMNOPQRSTUVWXYZ")),CODE(MID($L8,11,1))-55,"#"))) -> 4 | Y8: =IF(LEN($L8)<12,"",IF(ISNUMBER(FIND(MID($L8,12,1),"0123456789")),MID($L8,12,1),IF(ISNUMBER(FIND(MID($L8,12,1),"ABCDEFGHIJKLMNOPQRSTUVWXYZ")),CODE(MID($L8,12,1))-55,"#"))) -> 5 | Z8: =IF(LEN($L8)<13,"",IF(ISNUMBER(FIND(MID($L8,13,1),"0123456789")),MID($L8,13,1),IF(ISNUMBER(FIND(MID($L8,13,1),"ABCDEFGHIJKLMNOPQRSTUVWXYZ")),CODE(MID($L8,13,1))-55,"#"))) -> 6 | AA8: =IF(LEN($L8)<14,"",IF(ISNUMBER(FIND(MID($L8,14,1),"0123456789")),MID($L8,14,1),IF(ISNUMBER(FIND(MID($L8,14,1),"ABCDEFGHIJKLMNOPQRSTUVWXYZ")),CODE(MID($L8,14,1))-55,"#"))) -> 7 | AB8: =IF(LEN($L8)<15,"",IF(ISNUMBER(FIND(MID($L8,15,1),"0123456789")),MID($L8,15,1),IF(ISNUMBER(FIND(MID($L8,15,1),"ABCDEFGHIJKLMNOPQRSTUVWXYZ")),CODE(MID($L8,15,1))-55,"#"))) -> 8 | AC8: =IF(LEN($L8)<16,"",IF(ISNUMBER(FIND(MID($L8,16,1),"0123456789")),MID($L8,16,1),IF(ISNUMBER(FIND(MID($L8,16,1),"ABCDEFGHIJKLMNOPQRSTUVWXYZ")),CODE(MID($L8,16,1))-55,"#"))) -> 9 | AD8: =IF(LEN($L8)<17,"",IF(ISNUMBER(FIND(MID($L8,17,1),"0123456789")),MID($L8,17,1),IF(ISNUMBER(FIND(MID($L8,17,1),"ABCDEFGHIJKLMNOPQRSTUVWXYZ")),CODE(MID($L8,17,1))-55,"#"))) -> 1 | AE8: =IF(LEN($L8)<18,"",IF(ISNUMBER(FIND(MID($L8,18,1),"0123456789")),MID($L8,18,1),IF(ISNUMBER(FIND(MID($L8,18,1),"ABCDEFGHIJKLMNOPQRSTUVWXYZ")),CODE(MID($L8,18,1))-55,"#"))) -> 2 | AF8: =IF(LEN($L8)<19,"",IF(ISNUMBER(FIND(MID($L8,19,1),"0123456789")),MID($L8,19,1),IF(ISNUMBER(FIND(MID($L8,19,1),"ABCDEFGHIJKLMNOPQRSTUVWXYZ")),CODE(MID($L8,19,1))-55,"#"))) -> 3 | AG8: =IF(LEN($L8)<20,"",IF(ISNUMBER(FIND(MID($L8,20,1),"0123456789")),MID($L8,20,1),IF(ISNUMBER(FIND(MID($L8,20,1),"ABCDEFGHIJKLMNOPQRSTUVWXYZ")),CODE(MID($L8,20,1))-55,"#"))) -> 4 | AH8: =IF(LEN($L8)<21,"",IF(ISNUMBER(FIND(MID($L8,21,1),"0123456789")),MID($L8,21,1),IF(ISNUMBER(FIND(MID($L8,21,1),"ABCDEFGHIJKLMNOPQRSTUVWXYZ")),CODE(MID($L8,21,1))-55,"#"))) -> 28 | AI8: =IF(LEN($L8)<22,"",IF(ISNUMBER(FIND(MID($L8,22,1),"0123456789")),MID($L8,22,1),IF(ISNUMBER(FIND(MID($L8,22,1),"ABCDEFGHIJKLMNOPQRSTUVWXYZ")),CODE(MID($L8,22,1))-55,"#"))) -> 10 | AJ8: =IF(LEN($L8)<23,"",IF(ISNUMBER(FIND(MID($L8,23,1),"0123456789")),MID($L8,23,1),IF(ISNUMBER(FIND(MID($L8,23,1),"ABCDEFGHIJKLMNOPQRSTUVWXYZ")),CODE(MID($L8,23,1))-55,"#"))) -> 4 | AK8: =IF(LEN($L8)<24,"",IF(ISNUMBER(FIND(MID($L8,24,1),"0123456789")),MID($L8,24,1),IF(ISNUMBER(FIND(MID($L8,24,1),"ABCDEFGHIJKLMNOPQRSTUVWXYZ")),CODE(MID($L8,24,1))-55,"#"))) -> 4 | AL8: =IF(LEN($L8)<25,"",IF(ISNUMBER(FIND(MID($L8,25,1),"0123456789")),MID($L8,25,1),IF(ISNUMBER(FIND(MID($L8,25,1),"ABCDEFGHIJKLMNOPQRSTUVWXYZ")),CODE(MID($L8,25,1))-55,"#"))) | AM8: =IF(LEN($L8)<26,"",IF(ISNUMBER(FIND(MID($L8,26,1),"0123456789")),MID($L8,26,1),IF(ISNUMBER(FIND(MID($L8,26,1),"ABCDEFGHIJKLMNOPQRSTUVWXYZ")),CODE(MID($L8,26,1))-55,"#"))) | AN8: =IF(LEN($L8)<27,"",IF(ISNUMBER(FIND(MID($L8,27,1),"0123456789")),MID($L8,27,1),IF(ISNUMBER(FIND(MID($L8,27,1),"ABCDEFGHIJKLMNOPQRSTUVWXYZ")),CODE(MID($L8,27,1))-55,"#"))) | AO8: =IF(LEN($L8)<28,"",IF(ISNUMBER(FIND(MID($L8,28,1),"0123456789")),MID($L8,28,1),IF(ISNUMBER(FIND(MID($L8,28,1),"ABCDEFGHIJKLMNOPQRSTUVWXYZ")),CODE(MID($L8,28,1))-55,"#"))) | AP8: =IF(LEN($L8)<29,"",IF(ISNUMBER(FIND(MID($L8,29,1),"0123456789")),MID($L8,29,1),IF(ISNUMBER(FIND(MID($L8,29,1),"ABCDEFGHIJKLMNOPQRSTUVWXYZ")),CODE(MID($L8,29,1))-55,"#"))) | AQ8: =IF(LEN($L8)<30,"",IF(ISNUMBER(FIND(MID($L8,30,1),"0123456789")),MID($L8,30,1),IF(ISNUMBER(FIND(MID($L8,30,1),"ABCDEFGHIJKLMNOPQRSTUVWXYZ")),CODE(MID($L8,30,1))-55,"#"))) | AR8: =IF(LEN($L8)<31,"",IF(ISNUMBER(FIND(MID($L8,31,1),"0123456789")),MID($L8,31,1),IF(ISNUMBER(FIND(MID($L8,31,1),"ABCDEFGHIJKLMNOPQRSTUVWXYZ")),CODE(MID($L8,31,1))-55,"#"))) | AS8: =IF(LEN($L8)<32,"",IF(ISNUMBER(FIND(MID($L8,32,1),"0123456789")),MID($L8,32,1),IF(ISNUMBER(FIND(MID($L8,32,1),"ABCDEFGHIJKLMNOPQRSTUVWXYZ")),CODE(MID($L8,32,1))-55,"#"))) | AT8: =IF(LEN($L8)<33,"",IF(ISNUMBER(FIND(MID($L8,33,1),"0123456789")),MID($L8,33,1),IF(ISNUMBER(FIND(MID($L8,33,1),"ABCDEFGHIJKLMNOPQRSTUVWXYZ")),CODE(MID($L8,33,1))-55,"#"))) | AU8: =IF(LEN($L8)<34,"",IF(ISNUMBER(FIND(MID($L8,34,1),"0123456789")),MID($L8,34,1),IF(ISNUMBER(FIND(MID($L8,34,1),"ABCDEFGHIJKLMNOPQRSTUVWXYZ")),CODE(MID($L8,34,1))-55,"#"))) | AV8: =_xlfn.CONCAT(N8:AU8) -> 20000001234567891234281044 | AW8: =IF(OR(AV8="",M8=FALSE()),"",MOD(VALUE(MID(AV8,1,9)),97)) -> 77 | AX8: =IF(AW8="","",MOD(VALUE(AW8&MID(AV8,10,7)),97)) -> 32 | AY8: =IF(AX8="","",MOD(VALUE(AX8&MID(AV8,17,7)),97)) -> 60 | AZ8: =IF(AY8="","",MOD(VALUE(AY8&MID(AV8,24,7)),97)) -> 1 | BA8: =IF(AZ8="","",MOD(VALUE(AZ8&MID(AV8,31,7)),97)) -> 1 | BB8: =IF(BA8="","",MOD(VALUE(BA8&MID(AV8,38,7)),97)) -> 1 | BC8: =IF(BB8="","",MOD(VALUE(BB8&MID(AV8,45,7)),97)) -> 1 | BD8: =IF(BC8="","",MOD(VALUE(BC8&MID(AV8,52,7)),97)) -> 1 | BE8: =IF(BD8="","",MOD(VALUE(BD8&MID(AV8,59,7)),97)) -> 1 | BF8: =IF(BE8="","",MOD(VALUE(BE8&MID(AV8,66,7)),97)) -> 1
A9: SA03 8000 0000 6080 1016 751 | B9: =UPPER(SUBSTITUTE(SUBSTITUTE(SUBSTITUTE(TRIM(A9)," ",""),"-",""),CHAR(160),"")) -> SA038000000060801016751 | C9: =IF(B9="","",LEN(B9)) -> 23 | D9: =IF(B9="","",LEFT(B9,2)) -> SA | E9: =IF(B9="","",MID(B9,3,2)) -> 03 | F9: =IF(B9="","",MID(B9,5,2)) -> 80 | G9: =IF(B9="","",IFERROR(INDEX('رموز البنوك'!$C$5:$C$30,MATCH(F9,'رموز البنوك'!$B$5:$B$30,0)),"رمز غير معروف")) -> مصرف الراجحي | H9: =BF9 -> 48 | I9: =IF(OR(H9="",NOT(AND(ISNUMBER(FIND(MID(B9,3,1),"0123456789")),ISNUMBER(FIND(MID(B9,4,1),"0123456789"))))),"",TEXT(98-MOD(H9-VALUE(E9),97),"00")) -> 53 | J9: =IF(B9="","",IF(LEFT(K9,10)="آيبان صحيح","صحيح ✓","غير صحيح ✗")) -> غير صحيح ✗ | K9: =IF(B9="","",IF(M9=FALSE(),"يحتوي رموزاً غير مسموحة (المسموح A–Z و 0–9 فقط)",IF(D9<>"SA","رمز الدولة "&D9&" — هذا المدقق للآيبان السعودي SA",IF(C9<>24,"الطول "&C9&" خانة والمطلوب 24",IF(NOT(AND(ISNUMBER(FIND(MID(B9,3,1),"0123456789")),ISNUMBER(FIND(MID(B9,4,1),"0123456789")))),"خانتا التدقيق يجب أن تكونا رقمين",IF(ISERROR(VALUE(MID(B9,5,20))),"رمز البنك ورقم الحساب يجب أن يكونا أرقاماً",IF(H9<>1,"فشل اختبار MOD-97 (الباقي "&H9&" وليس 1) — خطأ في كتابة الرقم؛ خانتا التدقيق الصحيحتان لهذا الحساب "&I9,IF(G9="رمز غير معروف","اجتاز MOD-97 لكن رمز البنك "&F9&" غير مسجل في جدول البنوك","آيبان صحيح — "&G9)))))))) -> الطول 23 خانة والمطلوب 24 | L9: =IF(B9="","",MID(B9,5,40)&LEFT(B9,4)) -> 8000000060801016751SA03 | M9: =IF(L9="","",NOT(ISNUMBER(FIND("#",AV9)))) -> TRUE | N9: =IF(LEN($L9)<1,"",IF(ISNUMBER(FIND(MID($L9,1,1),"0123456789")),MID($L9,1,1),IF(ISNUMBER(FIND(MID($L9,1,1),"ABCDEFGHIJKLMNOPQRSTUVWXYZ")),CODE(MID($L9,1,1))-55,"#"))) -> 8 | O9: =IF(LEN($L9)<2,"",IF(ISNUMBER(FIND(MID($L9,2,1),"0123456789")),MID($L9,2,1),IF(ISNUMBER(FIND(MID($L9,2,1),"ABCDEFGHIJKLMNOPQRSTUVWXYZ")),CODE(MID($L9,2,1))-55,"#"))) -> 0 | P9: =IF(LEN($L9)<3,"",IF(ISNUMBER(FIND(MID($L9,3,1),"0123456789")),MID($L9,3,1),IF(ISNUMBER(FIND(MID($L9,3,1),"ABCDEFGHIJKLMNOPQRSTUVWXYZ")),CODE(MID($L9,3,1))-55,"#"))) -> 0 | Q9: =IF(LEN($L9)<4,"",IF(ISNUMBER(FIND(MID($L9,4,1),"0123456789")),MID($L9,4,1),IF(ISNUMBER(FIND(MID($L9,4,1),"ABCDEFGHIJKLMNOPQRSTUVWXYZ")),CODE(MID($L9,4,1))-55,"#"))) -> 0 | R9: =IF(LEN($L9)<5,"",IF(ISNUMBER(FIND(MID($L9,5,1),"0123456789")),MID($L9,5,1),IF(ISNUMBER(FIND(MID($L9,5,1),"ABCDEFGHIJKLMNOPQRSTUVWXYZ")),CODE(MID($L9,5,1))-55,"#"))) -> 0 | S9: =IF(LEN($L9)<6,"",IF(ISNUMBER(FIND(MID($L9,6,1),"0123456789")),MID($L9,6,1),IF(ISNUMBER(FIND(MID($L9,6,1),"ABCDEFGHIJKLMNOPQRSTUVWXYZ")),CODE(MID($L9,6,1))-55,"#"))) -> 0 | T9: =IF(LEN($L9)<7,"",IF(ISNUMBER(FIND(MID($L9,7,1),"0123456789")),MID($L9,7,1),IF(ISNUMBER(FIND(MID($L9,7,1),"ABCDEFGHIJKLMNOPQRSTUVWXYZ")),CODE(MID($L9,7,1))-55,"#"))) -> 0 | U9: =IF(LEN($L9)<8,"",IF(ISNUMBER(FIND(MID($L9,8,1),"0123456789")),MID($L9,8,1),IF(ISNUMBER(FIND(MID($L9,8,1),"ABCDEFGHIJKLMNOPQRSTUVWXYZ")),CODE(MID($L9,8,1))-55,"#"))) -> 0 | V9: =IF(LEN($L9)<9,"",IF(ISNUMBER(FIND(MID($L9,9,1),"0123456789")),MID($L9,9,1),IF(ISNUMBER(FIND(MID($L9,9,1),"ABCDEFGHIJKLMNOPQRSTUVWXYZ")),CODE(MID($L9,9,1))-55,"#"))) -> 6 | W9: =IF(LEN($L9)<10,"",IF(ISNUMBER(FIND(MID($L9,10,1),"0123456789")),MID($L9,10,1),IF(ISNUMBER(FIND(MID($L9,10,1),"ABCDEFGHIJKLMNOPQRSTUVWXYZ")),CODE(MID($L9,10,1))-55,"#"))) -> 0 | X9: =IF(LEN($L9)<11,"",IF(ISNUMBER(FIND(MID($L9,11,1),"0123456789")),MID($L9,11,1),IF(ISNUMBER(FIND(MID($L9,11,1),"ABCDEFGHIJKLMNOPQRSTUVWXYZ")),CODE(MID($L9,11,1))-55,"#"))) -> 8 | Y9: =IF(LEN($L9)<12,"",IF(ISNUMBER(FIND(MID($L9,12,1),"0123456789")),MID($L9,12,1),IF(ISNUMBER(FIND(MID($L9,12,1),"ABCDEFGHIJKLMNOPQRSTUVWXYZ")),CODE(MID($L9,12,1))-55,"#"))) -> 0 | Z9: =IF(LEN($L9)<13,"",IF(ISNUMBER(FIND(MID($L9,13,1),"0123456789")),MID($L9,13,1),IF(ISNUMBER(FIND(MID($L9,13,1),"ABCDEFGHIJKLMNOPQRSTUVWXYZ")),CODE(MID($L9,13,1))-55,"#"))) -> 1 | AA9: =IF(LEN($L9)<14,"",IF(ISNUMBER(FIND(MID($L9,14,1),"0123456789")),MID($L9,14,1),IF(ISNUMBER(FIND(MID($L9,14,1),"ABCDEFGHIJKLMNOPQRSTUVWXYZ")),CODE(MID($L9,14,1))-55,"#"))) -> 0 | AB9: =IF(LEN($L9)<15,"",IF(ISNUMBER(FIND(MID($L9,15,1),"0123456789")),MID($L9,15,1),IF(ISNUMBER(FIND(MID($L9,15,1),"ABCDEFGHIJKLMNOPQRSTUVWXYZ")),CODE(MID($L9,15,1))-55,"#"))) -> 1 | AC9: =IF(LEN($L9)<16,"",IF(ISNUMBER(FIND(MID($L9,16,1),"0123456789")),MID($L9,16,1),IF(ISNUMBER(FIND(MID($L9,16,1),"ABCDEFGHIJKLMNOPQRSTUVWXYZ")),CODE(MID($L9,16,1))-55,"#"))) -> 6 | AD9: =IF(LEN($L9)<17,"",IF(ISNUMBER(FIND(MID($L9,17,1),"0123456789")),MID($L9,17,1),IF(ISNUMBER(FIND(MID($L9,17,1),"ABCDEFGHIJKLMNOPQRSTUVWXYZ")),CODE(MID($L9,17,1))-55,"#"))) -> 7 | AE9: =IF(LEN($L9)<18,"",IF(ISNUMBER(FIND(MID($L9,18,1),"0123456789")),MID($L9,18,1),IF(ISNUMBER(FIND(MID($L9,18,1),"ABCDEFGHIJKLMNOPQRSTUVWXYZ")),CODE(MID($L9,18,1))-55,"#"))) -> 5 | AF9: =IF(LEN($L9)<19,"",IF(ISNUMBER(FIND(MID($L9,19,1),"0123456789")),MID($L9,19,1),IF(ISNUMBER(FIND(MID($L9,19,1),"ABCDEFGHIJKLMNOPQRSTUVWXYZ")),CODE(MID($L9,19,1))-55,"#"))) -> 1 | AG9: =IF(LEN($L9)<20,"",IF(ISNUMBER(FIND(MID($L9,20,1),"0123456789")),MID($L9,20,1),IF(ISNUMBER(FIND(MID($L9,20,1),"ABCDEFGHIJKLMNOPQRSTUVWXYZ")),CODE(MID($L9,20,1))-55,"#"))) -> 28 | AH9: =IF(LEN($L9)<21,"",IF(ISNUMBER(FIND(MID($L9,21,1),"0123456789")),MID($L9,21,1),IF(ISNUMBER(FIND(MID($L9,21,1),"ABCDEFGHIJKLMNOPQRSTUVWXYZ")),CODE(MID($L9,21,1))-55,"#"))) -> 10 | AI9: =IF(LEN($L9)<22,"",IF(ISNUMBER(FIND(MID($L9,22,1),"0123456789")),MID($L9,22,1),IF(ISNUMBER(FIND(MID($L9,22,1),"ABCDEFGHIJKLMNOPQRSTUVWXYZ")),CODE(MID($L9,22,1))-55,"#"))) -> 0 | AJ9: =IF(LEN($L9)<23,"",IF(ISNUMBER(FIND(MID($L9,23,1),"0123456789")),MID($L9,23,1),IF(ISNUMBER(FIND(MID($L9,23,1),"ABCDEFGHIJKLMNOPQRSTUVWXYZ")),CODE(MID($L9,23,1))-55,"#"))) -> 3 | AK9: =IF(LEN($L9)<24,"",IF(ISNUMBER(FIND(MID($L9,24,1),"0123456789")),MID($L9,24,1),IF(ISNUMBER(FIND(MID($L9,24,1),"ABCDEFGHIJKLMNOPQRSTUVWXYZ")),CODE(MID($L9,24,1))-55,"#"))) | AL9: =IF(LEN($L9)<25,"",IF(ISNUMBER(FIND(MID($L9,25,1),"0123456789")),MID($L9,25,1),IF(ISNUMBER(FIND(MID($L9,25,1),"ABCDEFGHIJKLMNOPQRSTUVWXYZ")),CODE(MID($L9,25,1))-55,"#"))) | AM9: =IF(LEN($L9)<26,"",IF(ISNUMBER(FIND(MID($L9,26,1),"0123456789")),MID($L9,26,1),IF(ISNUMBER(FIND(MID($L9,26,1),"ABCDEFGHIJKLMNOPQRSTUVWXYZ")),CODE(MID($L9,26,1))-55,"#"))) | AN9: =IF(LEN($L9)<27,"",IF(ISNUMBER(FIND(MID($L9,27,1),"0123456789")),MID($L9,27,1),IF(ISNUMBER(FIND(MID($L9,27,1),"ABCDEFGHIJKLMNOPQRSTUVWXYZ")),CODE(MID($L9,27,1))-55,"#"))) | AO9: =IF(LEN($L9)<28,"",IF(ISNUMBER(FIND(MID($L9,28,1),"0123456789")),MID($L9,28,1),IF(ISNUMBER(FIND(MID($L9,28,1),"ABCDEFGHIJKLMNOPQRSTUVWXYZ")),CODE(MID($L9,28,1))-55,"#"))) | AP9: =IF(LEN($L9)<29,"",IF(ISNUMBER(FIND(MID($L9,29,1),"0123456789")),MID($L9,29,1),IF(ISNUMBER(FIND(MID($L9,29,1),"ABCDEFGHIJKLMNOPQRSTUVWXYZ")),CODE(MID($L9,29,1))-55,"#"))) | AQ9: =IF(LEN($L9)<30,"",IF(ISNUMBER(FIND(MID($L9,30,1),"0123456789")),MID($L9,30,1),IF(ISNUMBER(FIND(MID($L9,30,1),"ABCDEFGHIJKLMNOPQRSTUVWXYZ")),CODE(MID($L9,30,1))-55,"#"))) | AR9: =IF(LEN($L9)<31,"",IF(ISNUMBER(FIND(MID($L9,31,1),"0123456789")),MID($L9,31,1),IF(ISNUMBER(FIND(MID($L9,31,1),"ABCDEFGHIJKLMNOPQRSTUVWXYZ")),CODE(MID($L9,31,1))-55,"#"))) | AS9: =IF(LEN($L9)<32,"",IF(ISNUMBER(FIND(MID($L9,32,1),"0123456789")),MID($L9,32,1),IF(ISNUMBER(FIND(MID($L9,32,1),"ABCDEFGHIJKLMNOPQRSTUVWXYZ")),CODE(MID($L9,32,1))-55,"#"))) | AT9: =IF(LEN($L9)<33,"",IF(ISNUMBER(FIND(MID($L9,33,1),"0123456789")),MID($L9,33,1),IF(ISNUMBER(FIND(MID($L9,33,1),"ABCDEFGHIJKLMNOPQRSTUVWXYZ")),CODE(MID($L9,33,1))-55,"#"))) | AU9: =IF(LEN($L9)<34,"",IF(ISNUMBER(FIND(MID($L9,34,1),"0123456789")),MID($L9,34,1),IF(ISNUMBER(FIND(MID($L9,34,1),"ABCDEFGHIJKLMNOPQRSTUVWXYZ")),CODE(MID($L9,34,1))-55,"#"))) | AV9: =_xlfn.CONCAT(N9:AU9) -> 8000000060801016751281003 | AW9: =IF(OR(AV9="",M9=FALSE()),"",MOD(VALUE(MID(AV9,1,9)),97)) -> 72 | AX9: =IF(AW9="","",MOD(VALUE(AW9&MID(AV9,10,7)),97)) -> 30 | AY9: =IF(AX9="","",MOD(VALUE(AX9&MID(AV9,17,7)),97)) -> 15 | AZ9: =IF(AY9="","",MOD(VALUE(AY9&MID(AV9,24,7)),97)) -> 48 | BA9: =IF(AZ9="","",MOD(VALUE(AZ9&MID(AV9,31,7)),97)) -> 48 | BB9: =IF(BA9="","",MOD(VALUE(BA9&MID(AV9,38,7)),97)) -> 48 | BC9: =IF(BB9="","",MOD(VALUE(BB9&MID(AV9,45,7)),97)) -> 48 | BD9: =IF(BC9="","",MOD(VALUE(BC9&MID(AV9,52,7)),97)) -> 48 | BE9: =IF(BD9="","",MOD(VALUE(BD9&MID(AV9,59,7)),97)) -> 48 | BF9: =IF(BE9="","",MOD(VALUE(BE9&MID(AV9,66,7)),97)) -> 48
A10: SA33 9900 0000 6080 1016 7519 | B10: =UPPER(SUBSTITUTE(SUBSTITUTE(SUBSTITUTE(TRIM(A10)," ",""),"-",""),CHAR(160),"")) -> SA3399000000608010167519 | C10: =IF(B10="","",LEN(B10)) -> 24 | D10: =IF(B10="","",LEFT(B10,2)) -> SA | E10: =IF(B10="","",MID(B10,3,2)) -> 33 | F10: =IF(B10="","",MID(B10,5,2)) -> 99 | G10: =IF(B10="","",IFERROR(INDEX('رموز البنوك'!$C$5:$C$30,MATCH(F10,'رموز البنوك'!$B$5:$B$30,0)),"رمز غير معروف")) -> رمز غير معروف | H10: =BF10 -> 1 | I10: =IF(OR(H10="",NOT(AND(ISNUMBER(FIND(MID(B10,3,1),"0123456789")),ISNUMBER(FIND(MID(B10,4,1),"0123456789"))))),"",TEXT(98-MOD(H10-VALUE(E10),97),"00")) -> 33 | J10: =IF(B10="","",IF(LEFT(K10,10)="آيبان صحيح","صحيح ✓","غير صحيح ✗")) -> غير صحيح ✗ | K10: =IF(B10="","",IF(M10=FALSE(),"يحتوي رموزاً غير مسموحة (المسموح A–Z و 0–9 فقط)",IF(D10<>"SA","رمز الدولة "&D10&" — هذا المدقق للآيبان السعودي SA",IF(C10<>24,"الطول "&C10&" خانة والمطلوب 24",IF(NOT(AND(ISNUMBER(FIND(MID(B10,3,1),"0123456789")),ISNUMBER(FIND(MID(B10,4,1),"0123456789")))),"خانتا التدقيق يجب أن تكونا رقمين",IF(ISERROR(VALUE(MID(B10,5,20))),"رمز البنك ورقم الحساب يجب أن يكونا أرقاماً",IF(H10<>1,"فشل اختبار MOD-97 (الباقي "&H10&" وليس 1) — خطأ في كتابة الرقم؛ خانتا التدقيق الصحيحتان لهذا الحساب "&I10,IF(G10="رمز غير معروف","اجتاز MOD-97 لكن رمز البنك "&F10&" غير مسجل في جدول البنوك","آيبان صحيح — "&G10)))))))) -> اجتاز MOD-97 لكن رمز البنك 99 غير مسجل في جدول البنوك | L10: =IF(B10="","",MID(B10,5,40)&LEFT(B10,4)) -> 99000000608010167519SA33 | M10: =IF(L10="","",NOT(ISNUMBER(FIND("#",AV10)))) -> TRUE | N10: =IF(LEN($L10)<1,"",IF(ISNUMBER(FIND(MID($L10,1,1),"0123456789")),MID($L10,1,1),IF(ISNUMBER(FIND(MID($L10,1,1),"ABCDEFGHIJKLMNOPQRSTUVWXYZ")),CODE(MID($L10,1,1))-55,"#"))) -> 9 | O10: =IF(LEN($L10)<2,"",IF(ISNUMBER(FIND(MID($L10,2,1),"0123456789")),MID($L10,2,1),IF(ISNUMBER(FIND(MID($L10,2,1),"ABCDEFGHIJKLMNOPQRSTUVWXYZ")),CODE(MID($L10,2,1))-55,"#"))) -> 9 | P10: =IF(LEN($L10)<3,"",IF(ISNUMBER(FIND(MID($L10,3,1),"0123456789")),MID($L10,3,1),IF(ISNUMBER(FIND(MID($L10,3,1),"ABCDEFGHIJKLMNOPQRSTUVWXYZ")),CODE(MID($L10,3,1))-55,"#"))) -> 0 | Q10: =IF(LEN($L10)<4,"",IF(ISNUMBER(FIND(MID($L10,4,1),"0123456789")),MID($L10,4,1),IF(ISNUMBER(FIND(MID($L10,4,1),"ABCDEFGHIJKLMNOPQRSTUVWXYZ")),CODE(MID($L10,4,1))-55,"#"))) -> 0 | R10: =IF(LEN($L10)<5,"",IF(ISNUMBER(FIND(MID($L10,5,1),"0123456789")),MID($L10,5,1),IF(ISNUMBER(FIND(MID($L10,5,1),"ABCDEFGHIJKLMNOPQRSTUVWXYZ")),CODE(MID($L10,5,1))-55,"#"))) -> 0 | S10: =IF(LEN($L10)<6,"",IF(ISNUMBER(FIND(MID($L10,6,1),"0123456789")),MID($L10,6,1),IF(ISNUMBER(FIND(MID($L10,6,1),"ABCDEFGHIJKLMNOPQRSTUVWXYZ")),CODE(MID($L10,6,1))-55,"#"))) -> 0 | T10: =IF(LEN($L10)<7,"",IF(ISNUMBER(FIND(MID($L10,7,1),"0123456789")),MID($L10,7,1),IF(ISNUMBER(FIND(MID($L10,7,1),"ABCDEFGHIJKLMNOPQRSTUVWXYZ")),CODE(MID($L10,7,1))-55,"#"))) -> 0 | U10: =IF(LEN($L10)<8,"",IF(ISNUMBER(FIND(MID($L10,8,1),"0123456789")),MID($L10,8,1),IF(ISNUMBER(FIND(MID($L10,8,1),"ABCDEFGHIJKLMNOPQRSTUVWXYZ")),CODE(MID($L10,8,1))-55,"#"))) -> 0 | V10: =IF(LEN($L10)<9,"",IF(ISNUMBER(FIND(MID($L10,9,1),"0123456789")),MID($L10,9,1),IF(ISNUMBER(FIND(MID($L10,9,1),"ABCDEFGHIJKLMNOPQRSTUVWXYZ")),CODE(MID($L10,9,1))-55,"#"))) -> 6 | W10: =IF(LEN($L10)<10,"",IF(ISNUMBER(FIND(MID($L10,10,1),"0123456789")),MID($L10,10,1),IF(ISNUMBER(FIND(MID($L10,10,1),"ABCDEFGHIJKLMNOPQRSTUVWXYZ")),CODE(MID($L10,10,1))-55,"#"))) -> 0 | X10: =IF(LEN($L10)<11,"",IF(ISNUMBER(FIND(MID($L10,11,1),"0123456789")),MID($L10,11,1),IF(ISNUMBER(FIND(MID($L10,11,1),"ABCDEFGHIJKLMNOPQRSTUVWXYZ")),CODE(MID($L10,11,1))-55,"#"))) -> 8 | Y10: =IF(LEN($L10)<12,"",IF(ISNUMBER(FIND(MID($L10,12,1),"0123456789")),MID($L10,12,1),IF(ISNUMBER(FIND(MID($L10,12,1),"ABCDEFGHIJKLMNOPQRSTUVWXYZ")),CODE(MID($L10,12,1))-55,"#"))) -> 0 | Z10: =IF(LEN($L10)<13,"",IF(ISNUMBER(FIND(MID($L10,13,1),"0123456789")),MID($L10,13,1),IF(ISNUMBER(FIND(MID($L10,13,1),"ABCDEFGHIJKLMNOPQRSTUVWXYZ")),CODE(MID($L10,13,1))-55,"#"))) -> 1 | AA10: =IF(LEN($L10)<14,"",IF(ISNUMBER(FIND(MID($L10,14,1),"0123456789")),MID($L10,14,1),IF(ISNUMBER(FIND(MID($L10,14,1),"ABCDEFGHIJKLMNOPQRSTUVWXYZ")),CODE(MID($L10,14,1))-55,"#"))) -> 0 | AB10: =IF(LEN($L10)<15,"",IF(ISNUMBER(FIND(MID($L10,15,1),"0123456789")),MID($L10,15,1),IF(ISNUMBER(FIND(MID($L10,15,1),"ABCDEFGHIJKLMNOPQRSTUVWXYZ")),CODE(MID($L10,15,1))-55,"#"))) -> 1 | AC10: =IF(LEN($L10)<16,"",IF(ISNUMBER(FIND(MID($L10,16,1),"0123456789")),MID($L10,16,1),IF(ISNUMBER(FIND(MID($L10,16,1),"ABCDEFGHIJKLMNOPQRSTUVWXYZ")),CODE(MID($L10,16,1))-55,"#"))) -> 6 | AD10: =IF(LEN($L10)<17,"",IF(ISNUMBER(FIND(MID($L10,17,1),"0123456789")),MID($L10,17,1),IF(ISNUMBER(FIND(MID($L10,17,1),"ABCDEFGHIJKLMNOPQRSTUVWXYZ")),CODE(MID($L10,17,1))-55,"#"))) -> 7 | AE10: =IF(LEN($L10)<18,"",IF(ISNUMBER(FIND(MID($L10,18,1),"0123456789")),MID($L10,18,1),IF(ISNUMBER(FIND(MID($L10,18,1),"ABCDEFGHIJKLMNOPQRSTUVWXYZ")),CODE(MID($L10,18,1))-55,"#"))) -> 5 | AF10: =IF(LEN($L10)<19,"",IF(ISNUMBER(FIND(MID($L10,19,1),"0123456789")),MID($L10,19,1),IF(ISNUMBER(FIND(MID($L10,19,1),"ABCDEFGHIJKLMNOPQRSTUVWXYZ")),CODE(MID($L10,19,1))-55,"#"))) -> 1 | AG10: =IF(LEN($L10)<20,"",IF(ISNUMBER(FIND(MID($L10,20,1),"0123456789")),MID($L10,20,1),IF(ISNUMBER(FIND(MID($L10,20,1),"ABCDEFGHIJKLMNOPQRSTUVWXYZ")),CODE(MID($L10,20,1))-55,"#"))) -> 9 | AH10: =IF(LEN($L10)<21,"",IF(ISNUMBER(FIND(MID($L10,21,1),"0123456789")),MID($L10,21,1),IF(ISNUMBER(FIND(MID($L10,21,1),"ABCDEFGHIJKLMNOPQRSTUVWXYZ")),CODE(MID($L10,21,1))-55,"#"))) -> 28 | AI10: =IF(LEN($L10)<22,"",IF(ISNUMBER(FIND(MID($L10,22,1),"0123456789")),MID($L10,22,1),IF(ISNUMBER(FIND(MID($L10,22,1),"ABCDEFGHIJKLMNOPQRSTUVWXYZ")),CODE(MID($L10,22,1))-55,"#"))) -> 10 | AJ10: =IF(LEN($L10)<23,"",IF(ISNUMBER(FIND(MID($L10,23,1),"0123456789")),MID($L10,23,1),IF(ISNUMBER(FIND(MID($L10,23,1),"ABCDEFGHIJKLMNOPQRSTUVWXYZ")),CODE(MID($L10,23,1))-55,"#"))) -> 3 | AK10: =IF(LEN($L10)<24,"",IF(ISNUMBER(FIND(MID($L10,24,1),"0123456789")),MID($L10,24,1),IF(ISNUMBER(FIND(MID($L10,24,1),"ABCDEFGHIJKLMNOPQRSTUVWXYZ")),CODE(MID($L10,24,1))-55,"#"))) -> 3 | AL10: =IF(LEN($L10)<25,"",IF(ISNUMBER(FIND(MID($L10,25,1),"0123456789")),MID($L10,25,1),IF(ISNUMBER(FIND(MID($L10,25,1),"ABCDEFGHIJKLMNOPQRSTUVWXYZ")),CODE(MID($L10,25,1))-55,"#"))) | AM10: =IF(LEN($L10)<26,"",IF(ISNUMBER(FIND(MID($L10,26,1),"0123456789")),MID($L10,26,1),IF(ISNUMBER(FIND(MID($L10,26,1),"ABCDEFGHIJKLMNOPQRSTUVWXYZ")),CODE(MID($L10,26,1))-55,"#"))) | AN10: =IF(LEN($L10)<27,"",IF(ISNUMBER(FIND(MID($L10,27,1),"0123456789")),MID($L10,27,1),IF(ISNUMBER(FIND(MID($L10,27,1),"ABCDEFGHIJKLMNOPQRSTUVWXYZ")),CODE(MID($L10,27,1))-55,"#"))) | AO10: =IF(LEN($L10)<28,"",IF(ISNUMBER(FIND(MID($L10,28,1),"0123456789")),MID($L10,28,1),IF(ISNUMBER(FIND(MID($L10,28,1),"ABCDEFGHIJKLMNOPQRSTUVWXYZ")),CODE(MID($L10,28,1))-55,"#"))) | AP10: =IF(LEN($L10)<29,"",IF(ISNUMBER(FIND(MID($L10,29,1),"0123456789")),MID($L10,29,1),IF(ISNUMBER(FIND(MID($L10,29,1),"ABCDEFGHIJKLMNOPQRSTUVWXYZ")),CODE(MID($L10,29,1))-55,"#"))) | AQ10: =IF(LEN($L10)<30,"",IF(ISNUMBER(FIND(MID($L10,30,1),"0123456789")),MID($L10,30,1),IF(ISNUMBER(FIND(MID($L10,30,1),"ABCDEFGHIJKLMNOPQRSTUVWXYZ")),CODE(MID($L10,30,1))-55,"#"))) | AR10: =IF(LEN($L10)<31,"",IF(ISNUMBER(FIND(MID($L10,31,1),"0123456789")),MID($L10,31,1),IF(ISNUMBER(FIND(MID($L10,31,1),"ABCDEFGHIJKLMNOPQRSTUVWXYZ")),CODE(MID($L10,31,1))-55,"#"))) | AS10: =IF(LEN($L10)<32,"",IF(ISNUMBER(FIND(MID($L10,32,1),"0123456789")),MID($L10,32,1),IF(ISNUMBER(FIND(MID($L10,32,1),"ABCDEFGHIJKLMNOPQRSTUVWXYZ")),CODE(MID($L10,32,1))-55,"#"))) | AT10: =IF(LEN($L10)<33,"",IF(ISNUMBER(FIND(MID($L10,33,1),"0123456789")),MID($L10,33,1),IF(ISNUMBER(FIND(MID($L10,33,1),"ABCDEFGHIJKLMNOPQRSTUVWXYZ")),CODE(MID($L10,33,1))-55,"#"))) | AU10: =IF(LEN($L10)<34,"",IF(ISNUMBER(FIND(MID($L10,34,1),"0123456789")),MID($L10,34,1),IF(ISNUMBER(FIND(MID($L10,34,1),"ABCDEFGHIJKLMNOPQRSTUVWXYZ")),CODE(MID($L10,34,1))-55,"#"))) | AV10: =_xlfn.CONCAT(N10:AU10) -> 99000000608010167519281033 | AW10: =IF(OR(AV10="",M10=FALSE()),"",MOD(VALUE(MID(AV10,1,9)),97)) -> 61 | AX10: =IF(AW10="","",MOD(VALUE(AW10&MID(AV10,10,7)),97)) -> 67 | AY10: =IF(AX10="","",MOD(VALUE(AX10&MID(AV10,17,7)),97)) -> 83 | AZ10: =IF(AY10="","",MOD(VALUE(AY10&MID(AV10,24,7)),97)) -> 1 | BA10: =IF(AZ10="","",MOD(VALUE(AZ10&MID(AV10,31,7)),97)) -> 1 | BB10: =IF(BA10="","",MOD(VALUE(BA10&MID(AV10,38,7)),97)) -> 1 | BC10: =IF(BB10="","",MOD(VALUE(BB10&MID(AV10,45,7)),97)) -> 1 | BD10: =IF(BC10="","",MOD(VALUE(BC10&MID(AV10,52,7)),97)) -> 1 | BE10: =IF(BD10="","",MOD(VALUE(BD10&MID(AV10,59,7)),97)) -> 1 | BF10: =IF(BE10="","",MOD(VALUE(BE10&MID(AV10,66,7)),97)) -> 1
A11: AE07 0331 2345 6789 0123 456 | B11: =UPPER(SUBSTITUTE(SUBSTITUTE(SUBSTITUTE(TRIM(A11)," ",""),"-",""),CHAR(160),"")) -> AE070331234567890123456 | C11: =IF(B11="","",LEN(B11)) -> 23 | D11: =IF(B11="","",LEFT(B11,2)) -> AE | E11: =IF(B11="","",MID(B11,3,2)) -> 07 | F11: =IF(B11="","",MID(B11,5,2)) -> 03 | G11: =IF(B11="","",IFERROR(INDEX('رموز البنوك'!$C$5:$C$30,MATCH(F11,'رموز البنوك'!$B$5:$B$30,0)),"رمز غير معروف")) -> رمز غير معروف | H11: =BF11 -> 1 | I11: =IF(OR(H11="",NOT(AND(ISNUMBER(FIND(MID(B11,3,1),"0123456789")),ISNUMBER(FIND(MID(B11,4,1),"0123456789"))))),"",TEXT(98-MOD(H11-VALUE(E11),97),"00")) -> 07 | J11: =IF(B11="","",IF(LEFT(K11,10)="آيبان صحيح","صحيح ✓","غير صحيح ✗")) -> غير صحيح ✗ | K11: =IF(B11="","",IF(M11=FALSE(),"يحتوي رموزاً غير مسموحة (المسموح A–Z و 0–9 فقط)",IF(D11<>"SA","رمز الدولة "&D11&" — هذا المدقق للآيبان السعودي SA",IF(C11<>24,"الطول "&C11&" خانة والمطلوب 24",IF(NOT(AND(ISNUMBER(FIND(MID(B11,3,1),"0123456789")),ISNUMBER(FIND(MID(B11,4,1),"0123456789")))),"خانتا التدقيق يجب أن تكونا رقمين",IF(ISERROR(VALUE(MID(B11,5,20))),"رمز البنك ورقم الحساب يجب أن يكونا أرقاماً",IF(H11<>1,"فشل اختبار MOD-97 (الباقي "&H11&" وليس 1) — خطأ في كتابة الرقم؛ خانتا التدقيق الصحيحتان لهذا الحساب "&I11,IF(G11="رمز غير معروف","اجتاز MOD-97 لكن رمز البنك "&F11&" غير مسجل في جدول البنوك","آيبان صحيح — "&G11)))))))) -> رمز الدولة AE — هذا المدقق للآيبان السعودي SA | L11: =IF(B11="","",MID(B11,5,40)&LEFT(B11,4)) -> 0331234567890123456AE07 | M11: =IF(L11="","",NOT(ISNUMBER(FIND("#",AV11)))) -> TRUE | N11: =IF(LEN($L11)<1,"",IF(ISNUMBER(FIND(MID($L11,1,1),"0123456789")),MID($L11,1,1),IF(ISNUMBER(FIND(MID($L11,1,1),"ABCDEFGHIJKLMNOPQRSTUVWXYZ")),CODE(MID($L11,1,1))-55,"#"))) -> 0 | O11: =IF(LEN($L11)<2,"",IF(ISNUMBER(FIND(MID($L11,2,1),"0123456789")),MID($L11,2,1),IF(ISNUMBER(FIND(MID($L11,2,1),"ABCDEFGHIJKLMNOPQRSTUVWXYZ")),CODE(MID($L11,2,1))-55,"#"))) -> 3 | P11: =IF(LEN($L11)<3,"",IF(ISNUMBER(FIND(MID($L11,3,1),"0123456789")),MID($L11,3,1),IF(ISNUMBER(FIND(MID($L11,3,1),"ABCDEFGHIJKLMNOPQRSTUVWXYZ")),CODE(MID($L11,3,1))-55,"#"))) -> 3 | Q11: =IF(LEN($L11)<4,"",IF(ISNUMBER(FIND(MID($L11,4,1),"0123456789")),MID($L11,4,1),IF(ISNUMBER(FIND(MID($L11,4,1),"ABCDEFGHIJKLMNOPQRSTUVWXYZ")),CODE(MID($L11,4,1))-55,"#"))) -> 1 | R11: =IF(LEN($L11)<5,"",IF(ISNUMBER(FIND(MID($L11,5,1),"0123456789")),MID($L11,5,1),IF(ISNUMBER(FIND(MID($L11,5,1),"ABCDEFGHIJKLMNOPQRSTUVWXYZ")),CODE(MID($L11,5,1))-55,"#"))) -> 2 | S11: =IF(LEN($L11)<6,"",IF(ISNUMBER(FIND(MID($L11,6,1),"0123456789")),MID($L11,6,1),IF(ISNUMBER(FIND(MID($L11,6,1),"ABCDEFGHIJKLMNOPQRSTUVWXYZ")),CODE(MID($L11,6,1))-55,"#"))) -> 3 | T11: =IF(LEN($L11)<7,"",IF(ISNUMBER(FIND(MID($L11,7,1),"0123456789")),MID($L11,7,1),IF(ISNUMBER(FIND(MID($L11,7,1),"ABCDEFGHIJKLMNOPQRSTUVWXYZ")),CODE(MID($L11,7,1))-55,"#"))) -> 4 | U11: =IF(LEN($L11)<8,"",IF(ISNUMBER(FIND(MID($L11,8,1),"0123456789")),MID($L11,8,1),IF(ISNUMBER(FIND(MID($L11,8,1),"ABCDEFGHIJKLMNOPQRSTUVWXYZ")),CODE(MID($L11,8,1))-55,"#"))) -> 5 | V11: =IF(LEN($L11)<9,"",IF(ISNUMBER(FIND(MID($L11,9,1),"0123456789")),MID($L11,9,1),IF(ISNUMBER(FIND(MID($L11,9,1),"ABCDEFGHIJKLMNOPQRSTUVWXYZ")),CODE(MID($L11,9,1))-55,"#"))) -> 6 | W11: =IF(LEN($L11)<10,"",IF(ISNUMBER(FIND(MID($L11,10,1),"0123456789")),MID($L11,10,1),IF(ISNUMBER(FIND(MID($L11,10,1),"ABCDEFGHIJKLMNOPQRSTUVWXYZ")),CODE(MID($L11,10,1))-55,"#"))) -> 7 | X11: =IF(LEN($L11)<11,"",IF(ISNUMBER(FIND(MID($L11,11,1),"0123456789")),MID($L11,11,1),IF(ISNUMBER(FIND(MID($L11,11,1),"ABCDEFGHIJKLMNOPQRSTUVWXYZ")),CODE(MID($L11,11,1))-55,"#"))) -> 8 | Y11: =IF(LEN($L11)<12,"",IF(ISNUMBER(FIND(MID($L11,12,1),"0123456789")),MID($L11,12,1),IF(ISNUMBER(FIND(MID($L11,12,1),"ABCDEFGHIJKLMNOPQRSTUVWXYZ")),CODE(MID($L11,12,1))-55,"#"))) -> 9 | Z11: =IF(LEN($L11)<13,"",IF(ISNUMBER(FIND(MID($L11,13,1),"0123456789")),MID($L11,13,1),IF(ISNUMBER(FIND(MID($L11,13,1),"ABCDEFGHIJKLMNOPQRSTUVWXYZ")),CODE(MID($L11,13,1))-55,"#"))) -> 0 | AA11: =IF(LEN($L11)<14,"",IF(ISNUMBER(FIND(MID($L11,14,1),"0123456789")),MID($L11,14,1),IF(ISNUMBER(FIND(MID($L11,14,1),"ABCDEFGHIJKLMNOPQRSTUVWXYZ")),CODE(MID($L11,14,1))-55,"#"))) -> 1 | AB11: =IF(LEN($L11)<15,"",IF(ISNUMBER(FIND(MID($L11,15,1),"0123456789")),MID($L11,15,1),IF(ISNUMBER(FIND(MID($L11,15,1),"ABCDEFGHIJKLMNOPQRSTUVWXYZ")),CODE(MID($L11,15,1))-55,"#"))) -> 2 | AC11: =IF(LEN($L11)<16,"",IF(ISNUMBER(FIND(MID($L11,16,1),"0123456789")),MID($L11,16,1),IF(ISNUMBER(FIND(MID($L11,16,1),"ABCDEFGHIJKLMNOPQRSTUVWXYZ")),CODE(MID($L11,16,1))-55,"#"))) -> 3 | AD11: =IF(LEN($L11)<17,"",IF(ISNUMBER(FIND(MID($L11,17,1),"0123456789")),MID($L11,17,1),IF(ISNUMBER(FIND(MID($L11,17,1),"ABCDEFGHIJKLMNOPQRSTUVWXYZ")),CODE(MID($L11,17,1))-55,"#"))) -> 4 | AE11: =IF(LEN($L11)<18,"",IF(ISNUMBER(FIND(MID($L11,18,1),"0123456789")),MID($L11,18,1),IF(ISNUMBER(FIND(MID($L11,18,1),"ABCDEFGHIJKLMNOPQRSTUVWXYZ")),CODE(MID($L11,18,1))-55,"#"))) -> 5 | AF11: =IF(LEN($L11)<19,"",IF(ISNUMBER(FIND(MID($L11,19,1),"0123456789")),MID($L11,19,1),IF(ISNUMBER(FIND(MID($L11,19,1),"ABCDEFGHIJKLMNOPQRSTUVWXYZ")),CODE(MID($L11,19,1))-55,"#"))) -> 6 | AG11: =IF(LEN($L11)<20,"",IF(ISNUMBER(FIND(MID($L11,20,1),"0123456789")),MID($L11,20,1),IF(ISNUMBER(FIND(MID($L11,20,1),"ABCDEFGHIJKLMNOPQRSTUVWXYZ")),CODE(MID($L11,20,1))-55,"#"))) -> 10 | AH11: =IF(LEN($L11)<21,"",IF(ISNUMBER(FIND(MID($L11,21,1),"0123456789")),MID($L11,21,1),IF(ISNUMBER(FIND(MID($L11,21,1),"ABCDEFGHIJKLMNOPQRSTUVWXYZ")),CODE(MID($L11,21,1))-55,"#"))) -> 14 | AI11: =IF(LEN($L11)<22,"",IF(ISNUMBER(FIND(MID($L11,22,1),"0123456789")),MID($L11,22,1),IF(ISNUMBER(FIND(MID($L11,22,1),"ABCDEFGHIJKLMNOPQRSTUVWXYZ")),CODE(MID($L11,22,1))-55,"#"))) -> 0 | AJ11: =IF(LEN($L11)<23,"",IF(ISNUMBER(FIND(MID($L11,23,1),"0123456789")),MID($L11,23,1),IF(ISNUMBER(FIND(MID($L11,23,1),"ABCDEFGHIJKLMNOPQRSTUVWXYZ")),CODE(MID($L11,23,1))-55,"#"))) -> 7 | AK11: =IF(LEN($L11)<24,"",IF(ISNUMBER(FIND(MID($L11,24,1),"0123456789")),MID($L11,24,1),IF(ISNUMBER(FIND(MID($L11,24,1),"ABCDEFGHIJKLMNOPQRSTUVWXYZ")),CODE(MID($L11,24,1))-55,"#"))) | AL11: =IF(LEN($L11)<25,"",IF(ISNUMBER(FIND(MID($L11,25,1),"0123456789")),MID($L11,25,1),IF(ISNUMBER(FIND(MID($L11,25,1),"ABCDEFGHIJKLMNOPQRSTUVWXYZ")),CODE(MID($L11,25,1))-55,"#"))) | AM11: =IF(LEN($L11)<26,"",IF(ISNUMBER(FIND(MID($L11,26,1),"0123456789")),MID($L11,26,1),IF(ISNUMBER(FIND(MID($L11,26,1),"ABCDEFGHIJKLMNOPQRSTUVWXYZ")),CODE(MID($L11,26,1))-55,"#"))) | AN11: =IF(LEN($L11)<27,"",IF(ISNUMBER(FIND(MID($L11,27,1),"0123456789")),MID($L11,27,1),IF(ISNUMBER(FIND(MID($L11,27,1),"ABCDEFGHIJKLMNOPQRSTUVWXYZ")),CODE(MID($L11,27,1))-55,"#"))) | AO11: =IF(LEN($L11)<28,"",IF(ISNUMBER(FIND(MID($L11,28,1),"0123456789")),MID($L11,28,1),IF(ISNUMBER(FIND(MID($L11,28,1),"ABCDEFGHIJKLMNOPQRSTUVWXYZ")),CODE(MID($L11,28,1))-55,"#"))) | AP11: =IF(LEN($L11)<29,"",IF(ISNUMBER(FIND(MID($L11,29,1),"0123456789")),MID($L11,29,1),IF(ISNUMBER(FIND(MID($L11,29,1),"ABCDEFGHIJKLMNOPQRSTUVWXYZ")),CODE(MID($L11,29,1))-55,"#"))) | AQ11: =IF(LEN($L11)<30,"",IF(ISNUMBER(FIND(MID($L11,30,1),"0123456789")),MID($L11,30,1),IF(ISNUMBER(FIND(MID($L11,30,1),"ABCDEFGHIJKLMNOPQRSTUVWXYZ")),CODE(MID($L11,30,1))-55,"#"))) | AR11: =IF(LEN($L11)<31,"",IF(ISNUMBER(FIND(MID($L11,31,1),"0123456789")),MID($L11,31,1),IF(ISNUMBER(FIND(MID($L11,31,1),"ABCDEFGHIJKLMNOPQRSTUVWXYZ")),CODE(MID($L11,31,1))-55,"#"))) | AS11: =IF(LEN($L11)<32,"",IF(ISNUMBER(FIND(MID($L11,32,1),"0123456789")),MID($L11,32,1),IF(ISNUMBER(FIND(MID($L11,32,1),"ABCDEFGHIJKLMNOPQRSTUVWXYZ")),CODE(MID($L11,32,1))-55,"#"))) | AT11: =IF(LEN($L11)<33,"",IF(ISNUMBER(FIND(MID($L11,33,1),"0123456789")),MID($L11,33,1),IF(ISNUMBER(FIND(MID($L11,33,1),"ABCDEFGHIJKLMNOPQRSTUVWXYZ")),CODE(MID($L11,33,1))-55,"#"))) | AU11: =IF(LEN($L11)<34,"",IF(ISNUMBER(FIND(MID($L11,34,1),"0123456789")),MID($L11,34,1),IF(ISNUMBER(FIND(MID($L11,34,1),"ABCDEFGHIJKLMNOPQRSTUVWXYZ")),CODE(MID($L11,34,1))-55,"#"))) | AV11: =_xlfn.CONCAT(N11:AU11) -> 0331234567890123456101407 | AW11: =IF(OR(AV11="",M11=FALSE()),"",MOD(VALUE(MID(AV11,1,9)),97)) -> 90 | AX11: =IF(AW11="","",MOD(VALUE(AW11&MID(AV11,10,7)),97)) -> 96 | AY11: =IF(AX11="","",MOD(VALUE(AX11&MID(AV11,17,7)),97)) -> 95 | AZ11: =IF(AY11="","",MOD(VALUE(AY11&MID(AV11,24,7)),97)) -> 1 | BA11: =IF(AZ11="","",MOD(VALUE(AZ11&MID(AV11,31,7)),97)) -> 1 | BB11: =IF(BA11="","",MOD(VALUE(BA11&MID(AV11,38,7)),97)) -> 1 | BC11: =IF(BB11="","",MOD(VALUE(BB11&MID(AV11,45,7)),97)) -> 1 | BD11: =IF(BC11="","",MOD(VALUE(BC11&MID(AV11,52,7)),97)) -> 1 | BE11: =IF(BD11="","",MOD(VALUE(BD11&MID(AV11,59,7)),97)) -> 1 | BF11: =IF(BE11="","",MOD(VALUE(BE11&MID(AV11,66,7)),97)) -> 1
A12: SA47 7800 0000 0011 8115 9355 | B12: =UPPER(SUBSTITUTE(SUBSTITUTE(SUBSTITUTE(TRIM(A12)," ",""),"-",""),CHAR(160),"")) -> SA4778000000001181159355 | C12: =IF(B12="","",LEN(B12)) -> 24 | D12: =IF(B12="","",LEFT(B12,2)) -> SA | E12: =IF(B12="","",MID(B12,3,2)) -> 47 | F12: =IF(B12="","",MID(B12,5,2)) -> 78 | G12: =IF(B12="","",IFERROR(INDEX('رموز البنوك'!$C$5:$C$30,MATCH(F12,'رموز البنوك'!$B$5:$B$30,0)),"رمز غير معروف")) -> بنك إس تي سي (STC Bank) | H12: =BF12 -> 1 | I12: =IF(OR(H12="",NOT(AND(ISNUMBER(FIND(MID(B12,3,1),"0123456789")),ISNUMBER(FIND(MID(B12,4,1),"0123456789"))))),"",TEXT(98-MOD(H12-VALUE(E12),97),"00")) -> 47 | J12: =IF(B12="","",IF(LEFT(K12,10)="آيبان صحيح","صحيح ✓","غير صحيح ✗")) -> صحيح ✓ | K12: =IF(B12="","",IF(M12=FALSE(),"يحتوي رموزاً غير مسموحة (المسموح A–Z و 0–9 فقط)",IF(D12<>"SA","رمز الدولة "&D12&" — هذا المدقق للآيبان السعودي SA",IF(C12<>24,"الطول "&C12&" خانة والمطلوب 24",IF(NOT(AND(ISNUMBER(FIND(MID(B12,3,1),"0123456789")),ISNUMBER(FIND(MID(B12,4,1),"0123456789")))),"خانتا التدقيق يجب أن تكونا رقمين",IF(ISERROR(VALUE(MID(B12,5,20))),"رمز البنك ورقم الحساب يجب أن يكونا أرقاماً",IF(H12<>1,"فشل اختبار MOD-97 (الباقي "&H12&" وليس 1) — خطأ في كتابة الرقم؛ خانتا التدقيق الصحيحتان لهذا الحساب "&I12,IF(G12="رمز غير معروف","اجتاز MOD-97 لكن رمز البنك "&F12&" غير مسجل في جدول البنوك","آيبان صحيح — "&G12)))))))) -> آيبان صحيح — بنك إس تي سي (STC Bank) | L12: =IF(B12="","",MID(B12,5,40)&LEFT(B12,4)) -> 78000000001181159355SA47 | M12: =IF(L12="","",NOT(ISNUMBER(FIND("#",AV12)))) -> TRUE | N12: =IF(LEN($L12)<1,"",IF(ISNUMBER(FIND(MID($L12,1,1),"0123456789")),MID($L12,1,1),IF(ISNUMBER(FIND(MID($L12,1,1),"ABCDEFGHIJKLMNOPQRSTUVWXYZ")),CODE(MID($L12,1,1))-55,"#"))) -> 7 | O12: =IF(LEN($L12)<2,"",IF(ISNUMBER(FIND(MID($L12,2,1),"0123456789")),MID($L12,2,1),IF(ISNUMBER(FIND(MID($L12,2,1),"ABCDEFGHIJKLMNOPQRSTUVWXYZ")),CODE(MID($L12,2,1))-55,"#"))) -> 8 | P12: =IF(LEN($L12)<3,"",IF(ISNUMBER(FIND(MID($L12,3,1),"0123456789")),MID($L12,3,1),IF(ISNUMBER(FIND(MID($L12,3,1),"ABCDEFGHIJKLMNOPQRSTUVWXYZ")),CODE(MID($L12,3,1))-55,"#"))) -> 0 | Q12: =IF(LEN($L12)<4,"",IF(ISNUMBER(FIND(MID($L12,4,1),"0123456789")),MID($L12,4,1),IF(ISNUMBER(FIND(MID($L12,4,1),"ABCDEFGHIJKLMNOPQRSTUVWXYZ")),CODE(MID($L12,4,1))-55,"#"))) -> 0 | R12: =IF(LEN($L12)<5,"",IF(ISNUMBER(FIND(MID($L12,5,1),"0123456789")),MID($L12,5,1),IF(ISNUMBER(FIND(MID($L12,5,1),"ABCDEFGHIJKLMNOPQRSTUVWXYZ")),CODE(MID($L12,5,1))-55,"#"))) -> 0 | S12: =IF(LEN($L12)<6,"",IF(ISNUMBER(FIND(MID($L12,6,1),"0123456789")),MID($L12,6,1),IF(ISNUMBER(FIND(MID($L12,6,1),"ABCDEFGHIJKLMNOPQRSTUVWXYZ")),CODE(MID($L12,6,1))-55,"#"))) -> 0 | T12: =IF(LEN($L12)<7,"",IF(ISNUMBER(FIND(MID($L12,7,1),"0123456789")),MID($L12,7,1),IF(ISNUMBER(FIND(MID($L12,7,1),"ABCDEFGHIJKLMNOPQRSTUVWXYZ")),CODE(MID($L12,7,1))-55,"#"))) -> 0 | U12: =IF(LEN($L12)<8,"",IF(ISNUMBER(FIND(MID($L12,8,1),"0123456789")),MID($L12,8,1),IF(ISNUMBER(FIND(MID($L12,8,1),"ABCDEFGHIJKLMNOPQRSTUVWXYZ")),CODE(MID($L12,8,1))-55,"#"))) -> 0 | V12: =IF(LEN($L12)<9,"",IF(ISNUMBER(FIND(MID($L12,9,1),"0123456789")),MID($L12,9,1),IF(ISNUMBER(FIND(MID($L12,9,1),"ABCDEFGHIJKLMNOPQRSTUVWXYZ")),CODE(MID($L12,9,1))-55,"#"))) -> 0 | W12: =IF(LEN($L12)<10,"",IF(ISNUMBER(FIND(MID($L12,10,1),"0123456789")),MID($L12,10,1),IF(ISNUMBER(FIND(MID($L12,10,1),"ABCDEFGHIJKLMNOPQRSTUVWXYZ")),CODE(MID($L12,10,1))-55,"#"))) -> 0 | X12: =IF(LEN($L12)<11,"",IF(ISNUMBER(FIND(MID($L12,11,1),"0123456789")),MID($L12,11,1),IF(ISNUMBER(FIND(MID($L12,11,1),"ABCDEFGHIJKLMNOPQRSTUVWXYZ")),CODE(MID($L12,11,1))-55,"#"))) -> 1 | Y12: =IF(LEN($L12)<12,"",IF(ISNUMBER(FIND(MID($L12,12,1),"0123456789")),MID($L12,12,1),IF(ISNUMBER(FIND(MID($L12,12,1),"ABCDEFGHIJKLMNOPQRSTUVWXYZ")),CODE(MID($L12,12,1))-55,"#"))) -> 1 | Z12: =IF(LEN($L12)<13,"",IF(ISNUMBER(FIND(MID($L12,13,1),"0123456789")),MID($L12,13,1),IF(ISNUMBER(FIND(MID($L12,13,1),"ABCDEFGHIJKLMNOPQRSTUVWXYZ")),CODE(MID($L12,13,1))-55,"#"))) -> 8 | AA12: =IF(LEN($L12)<14,"",IF(ISNUMBER(FIND(MID($L12,14,1),"0123456789")),MID($L12,14,1),IF(ISNUMBER(FIND(MID($L12,14,1),"ABCDEFGHIJKLMNOPQRSTUVWXYZ")),CODE(MID($L12,14,1))-55,"#"))) -> 1 | AB12: =IF(LEN($L12)<15,"",IF(ISNUMBER(FIND(MID($L12,15,1),"0123456789")),MID($L12,15,1),IF(ISNUMBER(FIND(MID($L12,15,1),"ABCDEFGHIJKLMNOPQRSTUVWXYZ")),CODE(MID($L12,15,1))-55,"#"))) -> 1 | AC12: =IF(LEN($L12)<16,"",IF(ISNUMBER(FIND(MID($L12,16,1),"0123456789")),MID($L12,16,1),IF(ISNUMBER(FIND(MID($L12,16,1),"ABCDEFGHIJKLMNOPQRSTUVWXYZ")),CODE(MID($L12,16,1))-55,"#"))) -> 5 | AD12: =IF(LEN($L12)<17,"",IF(ISNUMBER(FIND(MID($L12,17,1),"0123456789")),MID($L12,17,1),IF(ISNUMBER(FIND(MID($L12,17,1),"ABCDEFGHIJKLMNOPQRSTUVWXYZ")),CODE(MID($L12,17,1))-55,"#"))) -> 9 | AE12: =IF(LEN($L12)<18,"",IF(ISNUMBER(FIND(MID($L12,18,1),"0123456789")),MID($L12,18,1),IF(ISNUMBER(FIND(MID($L12,18,1),"ABCDEFGHIJKLMNOPQRSTUVWXYZ")),CODE(MID($L12,18,1))-55,"#"))) -> 3 | AF12: =IF(LEN($L12)<19,"",IF(ISNUMBER(FIND(MID($L12,19,1),"0123456789")),MID($L12,19,1),IF(ISNUMBER(FIND(MID($L12,19,1),"ABCDEFGHIJKLMNOPQRSTUVWXYZ")),CODE(MID($L12,19,1))-55,"#"))) -> 5 | AG12: =IF(LEN($L12)<20,"",IF(ISNUMBER(FIND(MID($L12,20,1),"0123456789")),MID($L12,20,1),IF(ISNUMBER(FIND(MID($L12,20,1),"ABCDEFGHIJKLMNOPQRSTUVWXYZ")),CODE(MID($L12,20,1))-55,"#"))) -> 5 | AH12: =IF(LEN($L12)<21,"",IF(ISNUMBER(FIND(MID($L12,21,1),"0123456789")),MID($L12,21,1),IF(ISNUMBER(FIND(MID($L12,21,1),"ABCDEFGHIJKLMNOPQRSTUVWXYZ")),CODE(MID($L12,21,1))-55,"#"))) -> 28 | AI12: =IF(LEN($L12)<22,"",IF(ISNUMBER(FIND(MID($L12,22,1),"0123456789")),MID($L12,22,1),IF(ISNUMBER(FIND(MID($L12,22,1),"ABCDEFGHIJKLMNOPQRSTUVWXYZ")),CODE(MID($L12,22,1))-55,"#"))) -> 10 | AJ12: =IF(LEN($L12)<23,"",IF(ISNUMBER(FIND(MID($L12,23,1),"0123456789")),MID($L12,23,1),IF(ISNUMBER(FIND(MID($L12,23,1),"ABCDEFGHIJKLMNOPQRSTUVWXYZ")),CODE(MID($L12,23,1))-55,"#"))) -> 4 | AK12: =IF(LEN($L12)<24,"",IF(ISNUMBER(FIND(MID($L12,24,1),"0123456789")),MID($L12,24,1),IF(ISNUMBER(FIND(MID($L12,24,1),"ABCDEFGHIJKLMNOPQRSTUVWXYZ")),CODE(MID($L12,24,1))-55,"#"))) -> 7 | AL12: =IF(LEN($L12)<25,"",IF(ISNUMBER(FIND(MID($L12,25,1),"0123456789")),MID($L12,25,1),IF(ISNUMBER(FIND(MID($L12,25,1),"ABCDEFGHIJKLMNOPQRSTUVWXYZ")),CODE(MID($L12,25,1))-55,"#"))) | AM12: =IF(LEN($L12)<26,"",IF(ISNUMBER(FIND(MID($L12,26,1),"0123456789")),MID($L12,26,1),IF(ISNUMBER(FIND(MID($L12,26,1),"ABCDEFGHIJKLMNOPQRSTUVWXYZ")),CODE(MID($L12,26,1))-55,"#"))) | AN12: =IF(LEN($L12)<27,"",IF(ISNUMBER(FIND(MID($L12,27,1),"0123456789")),MID($L12,27,1),IF(ISNUMBER(FIND(MID($L12,27,1),"ABCDEFGHIJKLMNOPQRSTUVWXYZ")),CODE(MID($L12,27,1))-55,"#"))) | AO12: =IF(LEN($L12)<28,"",IF(ISNUMBER(FIND(MID($L12,28,1),"0123456789")),MID($L12,28,1),IF(ISNUMBER(FIND(MID($L12,28,1),"ABCDEFGHIJKLMNOPQRSTUVWXYZ")),CODE(MID($L12,28,1))-55,"#"))) | AP12: =IF(LEN($L12)<29,"",IF(ISNUMBER(FIND(MID($L12,29,1),"0123456789")),MID($L12,29,1),IF(ISNUMBER(FIND(MID($L12,29,1),"ABCDEFGHIJKLMNOPQRSTUVWXYZ")),CODE(MID($L12,29,1))-55,"#"))) | AQ12: =IF(LEN($L12)<30,"",IF(ISNUMBER(FIND(MID($L12,30,1),"0123456789")),MID($L12,30,1),IF(ISNUMBER(FIND(MID($L12,30,1),"ABCDEFGHIJKLMNOPQRSTUVWXYZ")),CODE(MID($L12,30,1))-55,"#"))) | AR12: =IF(LEN($L12)<31,"",IF(ISNUMBER(FIND(MID($L12,31,1),"0123456789")),MID($L12,31,1),IF(ISNUMBER(FIND(MID($L12,31,1),"ABCDEFGHIJKLMNOPQRSTUVWXYZ")),CODE(MID($L12,31,1))-55,"#"))) | AS12: =IF(LEN($L12)<32,"",IF(ISNUMBER(FIND(MID($L12,32,1),"0123456789")),MID($L12,32,1),IF(ISNUMBER(FIND(MID($L12,32,1),"ABCDEFGHIJKLMNOPQRSTUVWXYZ")),CODE(MID($L12,32,1))-55,"#"))) | AT12: =IF(LEN($L12)<33,"",IF(ISNUMBER(FIND(MID($L12,33,1),"0123456789")),MID($L12,33,1),IF(ISNUMBER(FIND(MID($L12,33,1),"ABCDEFGHIJKLMNOPQRSTUVWXYZ")),CODE(MID($L12,33,1))-55,"#"))) | AU12: =IF(LEN($L12)<34,"",IF(ISNUMBER(FIND(MID($L12,34,1),"0123456789")),MID($L12,34,1),IF(ISNUMBER(FIND(MID($L12,34,1),"ABCDEFGHIJKLMNOPQRSTUVWXYZ")),CODE(MID($L12,34,1))-55,"#"))) | AV12: =_xlfn.CONCAT(N12:AU12) -> 78000000001181159355281047 | AW12: =IF(OR(AV12="",M12=FALSE()),"",MOD(VALUE(MID(AV12,1,9)),97)) -> 11 | AX12: =IF(AW12="","",MOD(VALUE(AW12&MID(AV12,10,7)),97)) -> 29 | AY12: =IF(AX12="","",MOD(VALUE(AX12&MID(AV12,17,7)),97)) -> 89 | AZ12: =IF(AY12="","",MOD(VALUE(AY12&MID(AV12,24,7)),97)) -> 1 | BA12: =IF(AZ12="","",MOD(VALUE(AZ12&MID(AV12,31,7)),97)) -> 1 | BB12: =IF(BA12="","",MOD(VALUE(BA12&MID(AV12,38,7)),97)) -> 1 | BC12: =IF(BB12="","",MOD(VALUE(BB12&MID(AV12,45,7)),97)) -> 1 | BD12: =IF(BC12="","",MOD(VALUE(BC12&MID(AV12,52,7)),97)) -> 1 | BE12: =IF(BD12="","",MOD(VALUE(BD12&MID(AV12,59,7)),97)) -> 1 | BF12: =IF(BE12="","",MOD(VALUE(BE12&MID(AV12,66,7)),97)) -> 1
A13: SA43 7300 0000 6080 1016 7519 | B13: =UPPER(SUBSTITUTE(SUBSTITUTE(SUBSTITUTE(TRIM(A13)," ",""),"-",""),CHAR(160),"")) -> SA4373000000608010167519 | C13: =IF(B13="","",LEN(B13)) -> 24 | D13: =IF(B13="","",LEFT(B13,2)) -> SA | E13: =IF(B13="","",MID(B13,3,2)) -> 43 | F13: =IF(B13="","",MID(B13,5,2)) -> 73 | G13: =IF(B13="","",IFERROR(INDEX('رموز البنوك'!$C$5:$C$30,MATCH(F13,'رموز البنوك'!$B$5:$B$30,0)),"رمز غير معروف")) -> بنك أبوظبي الأول (فرع السعودية) | H13: =BF13 -> 1 | I13: =IF(OR(H13="",NOT(AND(ISNUMBER(FIND(MID(B13,3,1),"0123456789")),ISNUMBER(FIND(MID(B13,4,1),"0123456789"))))),"",TEXT(98-MOD(H13-VALUE(E13),97),"00")) -> 43 | J13: =IF(B13="","",IF(LEFT(K13,10)="آيبان صحيح","صحيح ✓","غير صحيح ✗")) -> صحيح ✓ | K13: =IF(B13="","",IF(M13=FALSE(),"يحتوي رموزاً غير مسموحة (المسموح A–Z و 0–9 فقط)",IF(D13<>"SA","رمز الدولة "&D13&" — هذا المدقق للآيبان السعودي SA",IF(C13<>24,"الطول "&C13&" خانة والمطلوب 24",IF(NOT(AND(ISNUMBER(FIND(MID(B13,3,1),"0123456789")),ISNUMBER(FIND(MID(B13,4,1),"0123456789")))),"خانتا التدقيق يجب أن تكونا رقمين",IF(ISERROR(VALUE(MID(B13,5,20))),"رمز البنك ورقم الحساب يجب أن يكونا أرقاماً",IF(H13<>1,"فشل اختبار MOD-97 (الباقي "&H13&" وليس 1) — خطأ في كتابة الرقم؛ خانتا التدقيق الصحيحتان لهذا الحساب "&I13,IF(G13="رمز غير معروف","اجتاز MOD-97 لكن رمز البنك "&F13&" غير مسجل في جدول البنوك","آيبان صحيح — "&G13)))))))) -> آيبان صحيح — بنك أبوظبي الأول (فرع السعودية) | L13: =IF(B13="","",MID(B13,5,40)&LEFT(B13,4)) -> 73000000608010167519SA43 | M13: =IF(L13="","",NOT(ISNUMBER(FIND("#",AV13)))) -> TRUE | N13: =IF(LEN($L13)<1,"",IF(ISNUMBER(FIND(MID($L13,1,1),"0123456789")),MID($L13,1,1),IF(ISNUMBER(FIND(MID($L13,1,1),"ABCDEFGHIJKLMNOPQRSTUVWXYZ")),CODE(MID($L13,1,1))-55,"#"))) -> 7 | O13: =IF(LEN($L13)<2,"",IF(ISNUMBER(FIND(MID($L13,2,1),"0123456789")),MID($L13,2,1),IF(ISNUMBER(FIND(MID($L13,2,1),"ABCDEFGHIJKLMNOPQRSTUVWXYZ")),CODE(MID($L13,2,1))-55,"#"))) -> 3 | P13: =IF(LEN($L13)<3,"",IF(ISNUMBER(FIND(MID($L13,3,1),"0123456789")),MID($L13,3,1),IF(ISNUMBER(FIND(MID($L13,3,1),"ABCDEFGHIJKLMNOPQRSTUVWXYZ")),CODE(MID($L13,3,1))-55,"#"))) -> 0 | Q13: =IF(LEN($L13)<4,"",IF(ISNUMBER(FIND(MID($L13,4,1),"0123456789")),MID($L13,4,1),IF(ISNUMBER(FIND(MID($L13,4,1),"ABCDEFGHIJKLMNOPQRSTUVWXYZ")),CODE(MID($L13,4,1))-55,"#"))) -> 0 | R13: =IF(LEN($L13)<5,"",IF(ISNUMBER(FIND(MID($L13,5,1),"0123456789")),MID($L13,5,1),IF(ISNUMBER(FIND(MID($L13,5,1),"ABCDEFGHIJKLMNOPQRSTUVWXYZ")),CODE(MID($L13,5,1))-55,"#"))) -> 0 | S13: =IF(LEN($L13)<6,"",IF(ISNUMBER(FIND(MID($L13,6,1),"0123456789")),MID($L13,6,1),IF(ISNUMBER(FIND(MID($L13,6,1),"ABCDEFGHIJKLMNOPQRSTUVWXYZ")),CODE(MID($L13,6,1))-55,"#"))) -> 0 | T13: =IF(LEN($L13)<7,"",IF(ISNUMBER(FIND(MID($L13,7,1),"0123456789")),MID($L13,7,1),IF(ISNUMBER(FIND(MID($L13,7,1),"ABCDEFGHIJKLMNOPQRSTUVWXYZ")),CODE(MID($L13,7,1))-55,"#"))) -> 0 | U13: =IF(LEN($L13)<8,"",IF(ISNUMBER(FIND(MID($L13,8,1),"0123456789")),MID($L13,8,1),IF(ISNUMBER(FIND(MID($L13,8,1),"ABCDEFGHIJKLMNOPQRSTUVWXYZ")),CODE(MID($L13,8,1))-55,"#"))) -> 0 | V13: =IF(LEN($L13)<9,"",IF(ISNUMBER(FIND(MID($L13,9,1),"0123456789")),MID($L13,9,1),IF(ISNUMBER(FIND(MID($L13,9,1),"ABCDEFGHIJKLMNOPQRSTUVWXYZ")),CODE(MID($L13,9,1))-55,"#"))) -> 6 | W13: =IF(LEN($L13)<10,"",IF(ISNUMBER(FIND(MID($L13,10,1),"0123456789")),MID($L13,10,1),IF(ISNUMBER(FIND(MID($L13,10,1),"ABCDEFGHIJKLMNOPQRSTUVWXYZ")),CODE(MID($L13,10,1))-55,"#"))) -> 0 | X13: =IF(LEN($L13)<11,"",IF(ISNUMBER(FIND(MID($L13,11,1),"0123456789")),MID($L13,11,1),IF(ISNUMBER(FIND(MID($L13,11,1),"ABCDEFGHIJKLMNOPQRSTUVWXYZ")),CODE(MID($L13,11,1))-55,"#"))) -> 8 | Y13: =IF(LEN($L13)<12,"",IF(ISNUMBER(FIND(MID($L13,12,1),"0123456789")),MID($L13,12,1),IF(ISNUMBER(FIND(MID($L13,12,1),"ABCDEFGHIJKLMNOPQRSTUVWXYZ")),CODE(MID($L13,12,1))-55,"#"))) -> 0 | Z13: =IF(LEN($L13)<13,"",IF(ISNUMBER(FIND(MID($L13,13,1),"0123456789")),MID($L13,13,1),IF(ISNUMBER(FIND(MID($L13,13,1),"ABCDEFGHIJKLMNOPQRSTUVWXYZ")),CODE(MID($L13,13,1))-55,"#"))) -> 1 | AA13: =IF(LEN($L13)<14,"",IF(ISNUMBER(FIND(MID($L13,14,1),"0123456789")),MID($L13,14,1),IF(ISNUMBER(FIND(MID($L13,14,1),"ABCDEFGHIJKLMNOPQRSTUVWXYZ")),CODE(MID($L13,14,1))-55,"#"))) -> 0 | AB13: =IF(LEN($L13)<15,"",IF(ISNUMBER(FIND(MID($L13,15,1),"0123456789")),MID($L13,15,1),IF(ISNUMBER(FIND(MID($L13,15,1),"ABCDEFGHIJKLMNOPQRSTUVWXYZ")),CODE(MID($L13,15,1))-55,"#"))) -> 1 | AC13: =IF(LEN($L13)<16,"",IF(ISNUMBER(FIND(MID($L13,16,1),"0123456789")),MID($L13,16,1),IF(ISNUMBER(FIND(MID($L13,16,1),"ABCDEFGHIJKLMNOPQRSTUVWXYZ")),CODE(MID($L13,16,1))-55,"#"))) -> 6 | AD13: =IF(LEN($L13)<17,"",IF(ISNUMBER(FIND(MID($L13,17,1),"0123456789")),MID($L13,17,1),IF(ISNUMBER(FIND(MID($L13,17,1),"ABCDEFGHIJKLMNOPQRSTUVWXYZ")),CODE(MID($L13,17,1))-55,"#"))) -> 7 | AE13: =IF(LEN($L13)<18,"",IF(ISNUMBER(FIND(MID($L13,18,1),"0123456789")),MID($L13,18,1),IF(ISNUMBER(FIND(MID($L13,18,1),"ABCDEFGHIJKLMNOPQRSTUVWXYZ")),CODE(MID($L13,18,1))-55,"#"))) -> 5 | AF13: =IF(LEN($L13)<19,"",IF(ISNUMBER(FIND(MID($L13,19,1),"0123456789")),MID($L13,19,1),IF(ISNUMBER(FIND(MID($L13,19,1),"ABCDEFGHIJKLMNOPQRSTUVWXYZ")),CODE(MID($L13,19,1))-55,"#"))) -> 1 | AG13: =IF(LEN($L13)<20,"",IF(ISNUMBER(FIND(MID($L13,20,1),"0123456789")),MID($L13,20,1),IF(ISNUMBER(FIND(MID($L13,20,1),"ABCDEFGHIJKLMNOPQRSTUVWXYZ")),CODE(MID($L13,20,1))-55,"#"))) -> 9 | AH13: =IF(LEN($L13)<21,"",IF(ISNUMBER(FIND(MID($L13,21,1),"0123456789")),MID($L13,21,1),IF(ISNUMBER(FIND(MID($L13,21,1),"ABCDEFGHIJKLMNOPQRSTUVWXYZ")),CODE(MID($L13,21,1))-55,"#"))) -> 28 | AI13: =IF(LEN($L13)<22,"",IF(ISNUMBER(FIND(MID($L13,22,1),"0123456789")),MID($L13,22,1),IF(ISNUMBER(FIND(MID($L13,22,1),"ABCDEFGHIJKLMNOPQRSTUVWXYZ")),CODE(MID($L13,22,1))-55,"#"))) -> 10 | AJ13: =IF(LEN($L13)<23,"",IF(ISNUMBER(FIND(MID($L13,23,1),"0123456789")),MID($L13,23,1),IF(ISNUMBER(FIND(MID($L13,23,1),"ABCDEFGHIJKLMNOPQRSTUVWXYZ")),CODE(MID($L13,23,1))-55,"#"))) -> 4 | AK13: =IF(LEN($L13)<24,"",IF(ISNUMBER(FIND(MID($L13,24,1),"0123456789")),MID($L13,24,1),IF(ISNUMBER(FIND(MID($L13,24,1),"ABCDEFGHIJKLMNOPQRSTUVWXYZ")),CODE(MID($L13,24,1))-55,"#"))) -> 3 | AL13: =IF(LEN($L13)<25,"",IF(ISNUMBER(FIND(MID($L13,25,1),"0123456789")),MID($L13,25,1),IF(ISNUMBER(FIND(MID($L13,25,1),"ABCDEFGHIJKLMNOPQRSTUVWXYZ")),CODE(MID($L13,25,1))-55,"#"))) | AM13: =IF(LEN($L13)<26,"",IF(ISNUMBER(FIND(MID($L13,26,1),"0123456789")),MID($L13,26,1),IF(ISNUMBER(FIND(MID($L13,26,1),"ABCDEFGHIJKLMNOPQRSTUVWXYZ")),CODE(MID($L13,26,1))-55,"#"))) | AN13: =IF(LEN($L13)<27,"",IF(ISNUMBER(FIND(MID($L13,27,1),"0123456789")),MID($L13,27,1),IF(ISNUMBER(FIND(MID($L13,27,1),"ABCDEFGHIJKLMNOPQRSTUVWXYZ")),CODE(MID($L13,27,1))-55,"#"))) | AO13: =IF(LEN($L13)<28,"",IF(ISNUMBER(FIND(MID($L13,28,1),"0123456789")),MID($L13,28,1),IF(ISNUMBER(FIND(MID($L13,28,1),"ABCDEFGHIJKLMNOPQRSTUVWXYZ")),CODE(MID($L13,28,1))-55,"#"))) | AP13: =IF(LEN($L13)<29,"",IF(ISNUMBER(FIND(MID($L13,29,1),"0123456789")),MID($L13,29,1),IF(ISNUMBER(FIND(MID($L13,29,1),"ABCDEFGHIJKLMNOPQRSTUVWXYZ")),CODE(MID($L13,29,1))-55,"#"))) | AQ13: =IF(LEN($L13)<30,"",IF(ISNUMBER(FIND(MID($L13,30,1),"0123456789")),MID($L13,30,1),IF(ISNUMBER(FIND(MID($L13,30,1),"ABCDEFGHIJKLMNOPQRSTUVWXYZ")),CODE(MID($L13,30,1))-55,"#"))) | AR13: =IF(LEN($L13)<31,"",IF(ISNUMBER(FIND(MID($L13,31,1),"0123456789")),MID($L13,31,1),IF(ISNUMBER(FIND(MID($L13,31,1),"ABCDEFGHIJKLMNOPQRSTUVWXYZ")),CODE(MID($L13,31,1))-55,"#"))) | AS13: =IF(LEN($L13)<32,"",IF(ISNUMBER(FIND(MID($L13,32,1),"0123456789")),MID($L13,32,1),IF(ISNUMBER(FIND(MID($L13,32,1),"ABCDEFGHIJKLMNOPQRSTUVWXYZ")),CODE(MID($L13,32,1))-55,"#"))) | AT13: =IF(LEN($L13)<33,"",IF(ISNUMBER(FIND(MID($L13,33,1),"0123456789")),MID($L13,33,1),IF(ISNUMBER(FIND(MID($L13,33,1),"ABCDEFGHIJKLMNOPQRSTUVWXYZ")),CODE(MID($L13,33,1))-55,"#"))) | AU13: =IF(LEN($L13)<34,"",IF(ISNUMBER(FIND(MID($L13,34,1),"0123456789")),MID($L13,34,1),IF(ISNUMBER(FIND(MID($L13,34,1),"ABCDEFGHIJKLMNOPQRSTUVWXYZ")),CODE(MID($L13,34,1))-55,"#"))) | AV13: =_xlfn.CONCAT(N13:AU13) -> 73000000608010167519281043 | AW13: =IF(OR(AV13="",M13=FALSE()),"",MOD(VALUE(MID(AV13,1,9)),97)) -> 25 | AX13: =IF(AW13="","",MOD(VALUE(AW13&MID(AV13,10,7)),97)) -> 47 | AY13: =IF(AX13="","",MOD(VALUE(AX13&MID(AV13,17,7)),97)) -> 18 | AZ13: =IF(AY13="","",MOD(VALUE(AY13&MID(AV13,24,7)),97)) -> 1 | BA13: =IF(AZ13="","",MOD(VALUE(AZ13&MID(AV13,31,7)),97)) -> 1 | BB13: =IF(BA13="","",MOD(VALUE(BA13&MID(AV13,38,7)),97)) -> 1 | BC13: =IF(BB13="","",MOD(VALUE(BB13&MID(AV13,45,7)),97)) -> 1 | BD13: =IF(BC13="","",MOD(VALUE(BC13&MID(AV13,52,7)),97)) -> 1 | BE13: =IF(BD13="","",MOD(VALUE(BD13&MID(AV13,59,7)),97)) -> 1 | BF13: =IF(BE13="","",MOD(VALUE(BE13&MID(AV13,66,7)),97)) -> 1
A14: sa05 3600 0000 6080 1016 7519 | B14: =UPPER(SUBSTITUTE(SUBSTITUTE(SUBSTITUTE(TRIM(A14)," ",""),"-",""),CHAR(160),"")) -> SA0536000000608010167519 | C14: =IF(B14="","",LEN(B14)) -> 24 | D14: =IF(B14="","",LEFT(B14,2)) -> SA | E14: =IF(B14="","",MID(B14,3,2)) -> 05 | F14: =IF(B14="","",MID(B14,5,2)) -> 36 | G14: =IF(B14="","",IFERROR(INDEX('رموز البنوك'!$C$5:$C$30,MATCH(F14,'رموز البنوك'!$B$5:$B$30,0)),"رمز غير معروف")) -> بنك دال ثلاثمائة وستون (D360) | H14: =BF14 -> 1 | I14: =IF(OR(H14="",NOT(AND(ISNUMBER(FIND(MID(B14,3,1),"0123456789")),ISNUMBER(FIND(MID(B14,4,1),"0123456789"))))),"",TEXT(98-MOD(H14-VALUE(E14),97),"00")) -> 05 | J14: =IF(B14="","",IF(LEFT(K14,10)="آيبان صحيح","صحيح ✓","غير صحيح ✗")) -> صحيح ✓ | K14: =IF(B14="","",IF(M14=FALSE(),"يحتوي رموزاً غير مسموحة (المسموح A–Z و 0–9 فقط)",IF(D14<>"SA","رمز الدولة "&D14&" — هذا المدقق للآيبان السعودي SA",IF(C14<>24,"الطول "&C14&" خانة والمطلوب 24",IF(NOT(AND(ISNUMBER(FIND(MID(B14,3,1),"0123456789")),ISNUMBER(FIND(MID(B14,4,1),"0123456789")))),"خانتا التدقيق يجب أن تكونا رقمين",IF(ISERROR(VALUE(MID(B14,5,20))),"رمز البنك ورقم الحساب يجب أن يكونا أرقاماً",IF(H14<>1,"فشل اختبار MOD-97 (الباقي "&H14&" وليس 1) — خطأ في كتابة الرقم؛ خانتا التدقيق الصحيحتان لهذا الحساب "&I14,IF(G14="رمز غير معروف","اجتاز MOD-97 لكن رمز البنك "&F14&" غير مسجل في جدول البنوك","آيبان صحيح — "&G14)))))))) -> آيبان صحيح — بنك دال ثلاثمائة وستون (D360) | L14: =IF(B14="","",MID(B14,5,40)&LEFT(B14,4)) -> 36000000608010167519SA05 | M14: =IF(L14="","",NOT(ISNUMBER(FIND("#",AV14)))) -> TRUE | N14: =IF(LEN($L14)<1,"",IF(ISNUMBER(FIND(MID($L14,1,1),"0123456789")),MID($L14,1,1),IF(ISNUMBER(FIND(MID($L14,1,1),"ABCDEFGHIJKLMNOPQRSTUVWXYZ")),CODE(MID($L14,1,1))-55,"#"))) -> 3 | O14: =IF(LEN($L14)<2,"",IF(ISNUMBER(FIND(MID($L14,2,1),"0123456789")),MID($L14,2,1),IF(ISNUMBER(FIND(MID($L14,2,1),"ABCDEFGHIJKLMNOPQRSTUVWXYZ")),CODE(MID($L14,2,1))-55,"#"))) -> 6 | P14: =IF(LEN($L14)<3,"",IF(ISNUMBER(FIND(MID($L14,3,1),"0123456789")),MID($L14,3,1),IF(ISNUMBER(FIND(MID($L14,3,1),"ABCDEFGHIJKLMNOPQRSTUVWXYZ")),CODE(MID($L14,3,1))-55,"#"))) -> 0 | Q14: =IF(LEN($L14)<4,"",IF(ISNUMBER(FIND(MID($L14,4,1),"0123456789")),MID($L14,4,1),IF(ISNUMBER(FIND(MID($L14,4,1),"ABCDEFGHIJKLMNOPQRSTUVWXYZ")),CODE(MID($L14,4,1))-55,"#"))) -> 0 | R14: =IF(LEN($L14)<5,"",IF(ISNUMBER(FIND(MID($L14,5,1),"0123456789")),MID($L14,5,1),IF(ISNUMBER(FIND(MID($L14,5,1),"ABCDEFGHIJKLMNOPQRSTUVWXYZ")),CODE(MID($L14,5,1))-55,"#"))) -> 0 | S14: =IF(LEN($L14)<6,"",IF(ISNUMBER(FIND(MID($L14,6,1),"0123456789")),MID($L14,6,1),IF(ISNUMBER(FIND(MID($L14,6,1),"ABCDEFGHIJKLMNOPQRSTUVWXYZ")),CODE(MID($L14,6,1))-55,"#"))) -> 0 | T14: =IF(LEN($L14)<7,"",IF(ISNUMBER(FIND(MID($L14,7,1),"0123456789")),MID($L14,7,1),IF(ISNUMBER(FIND(MID($L14,7,1),"ABCDEFGHIJKLMNOPQRSTUVWXYZ")),CODE(MID($L14,7,1))-55,"#"))) -> 0 | U14: =IF(LEN($L14)<8,"",IF(ISNUMBER(FIND(MID($L14,8,1),"0123456789")),MID($L14,8,1),IF(ISNUMBER(FIND(MID($L14,8,1),"ABCDEFGHIJKLMNOPQRSTUVWXYZ")),CODE(MID($L14,8,1))-55,"#"))) -> 0 | V14: =IF(LEN($L14)<9,"",IF(ISNUMBER(FIND(MID($L14,9,1),"0123456789")),MID($L14,9,1),IF(ISNUMBER(FIND(MID($L14,9,1),"ABCDEFGHIJKLMNOPQRSTUVWXYZ")),CODE(MID($L14,9,1))-55,"#"))) -> 6 | W14: =IF(LEN($L14)<10,"",IF(ISNUMBER(FIND(MID($L14,10,1),"0123456789")),MID($L14,10,1),IF(ISNUMBER(FIND(MID($L14,10,1),"ABCDEFGHIJKLMNOPQRSTUVWXYZ")),CODE(MID($L14,10,1))-55,"#"))) -> 0 | X14: =IF(LEN($L14)<11,"",IF(ISNUMBER(FIND(MID($L14,11,1),"0123456789")),MID($L14,11,1),IF(ISNUMBER(FIND(MID($L14,11,1),"ABCDEFGHIJKLMNOPQRSTUVWXYZ")),CODE(MID($L14,11,1))-55,"#"))) -> 8 | Y14: =IF(LEN($L14)<12,"",IF(ISNUMBER(FIND(MID($L14,12,1),"0123456789")),MID($L14,12,1),IF(ISNUMBER(FIND(MID($L14,12,1),"ABCDEFGHIJKLMNOPQRSTUVWXYZ")),CODE(MID($L14,12,1))-55,"#"))) -> 0 | Z14: =IF(LEN($L14)<13,"",IF(ISNUMBER(FIND(MID($L14,13,1),"0123456789")),MID($L14,13,1),IF(ISNUMBER(FIND(MID($L14,13,1),"ABCDEFGHIJKLMNOPQRSTUVWXYZ")),CODE(MID($L14,13,1))-55,"#"))) -> 1 | AA14: =IF(LEN($L14)<14,"",IF(ISNUMBER(FIND(MID($L14,14,1),"0123456789")),MID($L14,14,1),IF(ISNUMBER(FIND(MID($L14,14,1),"ABCDEFGHIJKLMNOPQRSTUVWXYZ")),CODE(MID($L14,14,1))-55,"#"))) -> 0 | AB14: =IF(LEN($L14)<15,"",IF(ISNUMBER(FIND(MID($L14,15,1),"0123456789")),MID($L14,15,1),IF(ISNUMBER(FIND(MID($L14,15,1),"ABCDEFGHIJKLMNOPQRSTUVWXYZ")),CODE(MID($L14,15,1))-55,"#"))) -> 1 | AC14: =IF(LEN($L14)<16,"",IF(ISNUMBER(FIND(MID($L14,16,1),"0123456789")),MID($L14,16,1),IF(ISNUMBER(FIND(MID($L14,16,1),"ABCDEFGHIJKLMNOPQRSTUVWXYZ")),CODE(MID($L14,16,1))-55,"#"))) -> 6 | AD14: =IF(LEN($L14)<17,"",IF(ISNUMBER(FIND(MID($L14,17,1),"0123456789")),MID($L14,17,1),IF(ISNUMBER(FIND(MID($L14,17,1),"ABCDEFGHIJKLMNOPQRSTUVWXYZ")),CODE(MID($L14,17,1))-55,"#"))) -> 7 | AE14: =IF(LEN($L14)<18,"",IF(ISNUMBER(FIND(MID($L14,18,1),"0123456789")),MID($L14,18,1),IF(ISNUMBER(FIND(MID($L14,18,1),"ABCDEFGHIJKLMNOPQRSTUVWXYZ")),CODE(MID($L14,18,1))-55,"#"))) -> 5 | AF14: =IF(LEN($L14)<19,"",IF(ISNUMBER(FIND(MID($L14,19,1),"0123456789")),MID($L14,19,1),IF(ISNUMBER(FIND(MID($L14,19,1),"ABCDEFGHIJKLMNOPQRSTUVWXYZ")),CODE(MID($L14,19,1))-55,"#"))) -> 1 | AG14: =IF(LEN($L14)<20,"",IF(ISNUMBER(FIND(MID($L14,20,1),"0123456789")),MID($L14,20,1),IF(ISNUMBER(FIND(MID($L14,20,1),"ABCDEFGHIJKLMNOPQRSTUVWXYZ")),CODE(MID($L14,20,1))-55,"#"))) -> 9 | AH14: =IF(LEN($L14)<21,"",IF(ISNUMBER(FIND(MID($L14,21,1),"0123456789")),MID($L14,21,1),IF(ISNUMBER(FIND(MID($L14,21,1),"ABCDEFGHIJKLMNOPQRSTUVWXYZ")),CODE(MID($L14,21,1))-55,"#"))) -> 28 | AI14: =IF(LEN($L14)<22,"",IF(ISNUMBER(FIND(MID($L14,22,1),"0123456789")),MID($L14,22,1),IF(ISNUMBER(FIND(MID($L14,22,1),"ABCDEFGHIJKLMNOPQRSTUVWXYZ")),CODE(MID($L14,22,1))-55,"#"))) -> 10 | AJ14: =IF(LEN($L14)<23,"",IF(ISNUMBER(FIND(MID($L14,23,1),"0123456789")),MID($L14,23,1),IF(ISNUMBER(FIND(MID($L14,23,1),"ABCDEFGHIJKLMNOPQRSTUVWXYZ")),CODE(MID($L14,23,1))-55,"#"))) -> 0 | AK14: =IF(LEN($L14)<24,"",IF(ISNUMBER(FIND(MID($L14,24,1),"0123456789")),MID($L14,24,1),IF(ISNUMBER(FIND(MID($L14,24,1),"ABCDEFGHIJKLMNOPQRSTUVWXYZ")),CODE(MID($L14,24,1))-55,"#"))) -> 5 | AL14: =IF(LEN($L14)<25,"",IF(ISNUMBER(FIND(MID($L14,25,1),"0123456789")),MID($L14,25,1),IF(ISNUMBER(FIND(MID($L14,25,1),"ABCDEFGHIJKLMNOPQRSTUVWXYZ")),CODE(MID($L14,25,1))-55,"#"))) | AM14: =IF(LEN($L14)<26,"",IF(ISNUMBER(FIND(MID($L14,26,1),"0123456789")),MID($L14,26,1),IF(ISNUMBER(FIND(MID($L14,26,1),"ABCDEFGHIJKLMNOPQRSTUVWXYZ")),CODE(MID($L14,26,1))-55,"#"))) | AN14: =IF(LEN($L14)<27,"",IF(ISNUMBER(FIND(MID($L14,27,1),"0123456789")),MID($L14,27,1),IF(ISNUMBER(FIND(MID($L14,27,1),"ABCDEFGHIJKLMNOPQRSTUVWXYZ")),CODE(MID($L14,27,1))-55,"#"))) | AO14: =IF(LEN($L14)<28,"",IF(ISNUMBER(FIND(MID($L14,28,1),"0123456789")),MID($L14,28,1),IF(ISNUMBER(FIND(MID($L14,28,1),"ABCDEFGHIJKLMNOPQRSTUVWXYZ")),CODE(MID($L14,28,1))-55,"#"))) | AP14: =IF(LEN($L14)<29,"",IF(ISNUMBER(FIND(MID($L14,29,1),"0123456789")),MID($L14,29,1),IF(ISNUMBER(FIND(MID($L14,29,1),"ABCDEFGHIJKLMNOPQRSTUVWXYZ")),CODE(MID($L14,29,1))-55,"#"))) | AQ14: =IF(LEN($L14)<30,"",IF(ISNUMBER(FIND(MID($L14,30,1),"0123456789")),MID($L14,30,1),IF(ISNUMBER(FIND(MID($L14,30,1),"ABCDEFGHIJKLMNOPQRSTUVWXYZ")),CODE(MID($L14,30,1))-55,"#"))) | AR14: =IF(LEN($L14)<31,"",IF(ISNUMBER(FIND(MID($L14,31,1),"0123456789")),MID($L14,31,1),IF(ISNUMBER(FIND(MID($L14,31,1),"ABCDEFGHIJKLMNOPQRSTUVWXYZ")),CODE(MID($L14,31,1))-55,"#"))) | AS14: =IF(LEN($L14)<32,"",IF(ISNUMBER(FIND(MID($L14,32,1),"0123456789")),MID($L14,32,1),IF(ISNUMBER(FIND(MID($L14,32,1),"ABCDEFGHIJKLMNOPQRSTUVWXYZ")),CODE(MID($L14,32,1))-55,"#"))) | AT14: =IF(LEN($L14)<33,"",IF(ISNUMBER(FIND(MID($L14,33,1),"0123456789")),MID($L14,33,1),IF(ISNUMBER(FIND(MID($L14,33,1),"ABCDEFGHIJKLMNOPQRSTUVWXYZ")),CODE(MID($L14,33,1))-55,"#"))) | AU14: =IF(LEN($L14)<34,"",IF(ISNUMBER(FIND(MID($L14,34,1),"0123456789")),MID($L14,34,1),IF(ISNUMBER(FIND(MID($L14,34,1),"ABCDEFGHIJKLMNOPQRSTUVWXYZ")),CODE(MID($L14,34,1))-55,"#"))) | AV14: =_xlfn.CONCAT(N14:AU14) -> 36000000608010167519281005 | AW14: =IF(OR(AV14="",M14=FALSE()),"",MOD(VALUE(MID(AV14,1,9)),97)) -> 26 | AX14: =IF(AW14="","",MOD(VALUE(AW14&MID(AV14,10,7)),97)) -> 26 | AY14: =IF(AX14="","",MOD(VALUE(AX14&MID(AV14,17,7)),97)) -> 71 | AZ14: =IF(AY14="","",MOD(VALUE(AY14&MID(AV14,24,7)),97)) -> 1 | BA14: =IF(AZ14="","",MOD(VALUE(AZ14&MID(AV14,31,7)),97)) -> 1 | BB14: =IF(BA14="","",MOD(VALUE(BA14&MID(AV14,38,7)),97)) -> 1 | BC14: =IF(BB14="","",MOD(VALUE(BB14&MID(AV14,45,7)),97)) -> 1 | BD14: =IF(BC14="","",MOD(VALUE(BC14&MID(AV14,52,7)),97)) -> 1 | BE14: =IF(BD14="","",MOD(VALUE(BD14&MID(AV14,59,7)),97)) -> 1 | BF14: =IF(BE14="","",MOD(VALUE(BE14&MID(AV14,66,7)),97)) -> 1
B15: =UPPER(SUBSTITUTE(SUBSTITUTE(SUBSTITUTE(TRIM(A15)," ",""),"-",""),CHAR(160),"")) | C15: =IF(B15="","",LEN(B15)) | D15: =IF(B15="","",LEFT(B15,2)) | E15: =IF(B15="","",MID(B15,3,2)) | F15: =IF(B15="","",MID(B15,5,2)) | G15: =IF(B15="","",IFERROR(INDEX('رموز البنوك'!$C$5:$C$30,MATCH(F15,'رموز البنوك'!$B$5:$B$30,0)),"رمز غير معروف")) | H15: =BF15 | I15: =IF(OR(H15="",NOT(AND(ISNUMBER(FIND(MID(B15,3,1),"0123456789")),ISNUMBER(FIND(MID(B15,4,1),"0123456789"))))),"",TEXT(98-MOD(H15-VALUE(E15),97),"00")) | J15: =IF(B15="","",IF(LEFT(K15,10)="آيبان صحيح","صحيح ✓","غير صحيح ✗")) | K15: =IF(B15="","",IF(M15=FALSE(),"يحتوي رموزاً غير مسموحة (المسموح A–Z و 0–9 فقط)",IF(D15<>"SA","رمز الدولة "&D15&" — هذا المدقق للآيبان السعودي SA",IF(C15<>24,"الطول "&C15&" خانة والمطلوب 24",IF(NOT(AND(ISNUMBER(FIND(MID(B15,3,1),"0123456789")),ISNUMBER(FIND(MID(B15,4,1),"0123456789")))),"خانتا التدقيق يجب أن تكونا رقمين",IF(ISERROR(VALUE(MID(B15,5,20))),"رمز البنك ورقم الحساب يجب أن يكونا أرقاماً",IF(H15<>1,"فشل اختبار MOD-97 (الباقي "&H15&" وليس 1) — خطأ في كتابة الرقم؛ خانتا التدقيق الصحيحتان لهذا الحساب "&I15,IF(G15="رمز غير معروف","اجتاز MOD-97 لكن رمز البنك "&F15&" غير مسجل في جدول البنوك","آيبان صحيح — "&G15)))))))) | L15: =IF(B15="","",MID(B15,5,40)&LEFT(B15,4)) | M15: =IF(L15="","",NOT(ISNUMBER(FIND("#",AV15)))) | N15: =IF(LEN($L15)<1,"",IF(ISNUMBER(FIND(MID($L15,1,1),"0123456789")),MID($L15,1,1),IF(ISNUMBER(FIND(MID($L15,1,1),"ABCDEFGHIJKLMNOPQRSTUVWXYZ")),CODE(MID($L15,1,1))-55,"#"))) | O15: =IF(LEN($L15)<2,"",IF(ISNUMBER(FIND(MID($L15,2,1),"0123456789")),MID($L15,2,1),IF(ISNUMBER(FIND(MID($L15,2,1),"ABCDEFGHIJKLMNOPQRSTUVWXYZ")),CODE(MID($L15,2,1))-55,"#"))) | P15: =IF(LEN($L15)<3,"",IF(ISNUMBER(FIND(MID($L15,3,1),"0123456789")),MID($L15,3,1),IF(ISNUMBER(FIND(MID($L15,3,1),"ABCDEFGHIJKLMNOPQRSTUVWXYZ")),CODE(MID($L15,3,1))-55,"#"))) | Q15: =IF(LEN($L15)<4,"",IF(ISNUMBER(FIND(MID($L15,4,1),"0123456789")),MID($L15,4,1),IF(ISNUMBER(FIND(MID($L15,4,1),"ABCDEFGHIJKLMNOPQRSTUVWXYZ")),CODE(MID($L15,4,1))-55,"#"))) | R15: =IF(LEN($L15)<5,"",IF(ISNUMBER(FIND(MID($L15,5,1),"0123456789")),MID($L15,5,1),IF(ISNUMBER(FIND(MID($L15,5,1),"ABCDEFGHIJKLMNOPQRSTUVWXYZ")),CODE(MID($L15,5,1))-55,"#"))) | S15: =IF(LEN($L15)<6,"",IF(ISNUMBER(FIND(MID($L15,6,1),"0123456789")),MID($L15,6,1),IF(ISNUMBER(FIND(MID($L15,6,1),"ABCDEFGHIJKLMNOPQRSTUVWXYZ")),CODE(MID($L15,6,1))-55,"#"))) | T15: =IF(LEN($L15)<7,"",IF(ISNUMBER(FIND(MID($L15,7,1),"0123456789")),MID($L15,7,1),IF(ISNUMBER(FIND(MID($L15,7,1),"ABCDEFGHIJKLMNOPQRSTUVWXYZ")),CODE(MID($L15,7,1))-55,"#"))) | U15: =IF(LEN($L15)<8,"",IF(ISNUMBER(FIND(MID($L15,8,1),"0123456789")),MID($L15,8,1),IF(ISNUMBER(FIND(MID($L15,8,1),"ABCDEFGHIJKLMNOPQRSTUVWXYZ")),CODE(MID($L15,8,1))-55,"#"))) | V15: =IF(LEN($L15)<9,"",IF(ISNUMBER(FIND(MID($L15,9,1),"0123456789")),MID($L15,9,1),IF(ISNUMBER(FIND(MID($L15,9,1),"ABCDEFGHIJKLMNOPQRSTUVWXYZ")),CODE(MID($L15,9,1))-55,"#"))) | W15: =IF(LEN($L15)<10,"",IF(ISNUMBER(FIND(MID($L15,10,1),"0123456789")),MID($L15,10,1),IF(ISNUMBER(FIND(MID($L15,10,1),"ABCDEFGHIJKLMNOPQRSTUVWXYZ")),CODE(MID($L15,10,1))-55,"#"))) | X15: =IF(LEN($L15)<11,"",IF(ISNUMBER(FIND(MID($L15,11,1),"0123456789")),MID($L15,11,1),IF(ISNUMBER(FIND(MID($L15,11,1),"ABCDEFGHIJKLMNOPQRSTUVWXYZ")),CODE(MID($L15,11,1))-55,"#"))) | Y15: =IF(LEN($L15)<12,"",IF(ISNUMBER(FIND(MID($L15,12,1),"0123456789")),MID($L15,12,1),IF(ISNUMBER(FIND(MID($L15,12,1),"ABCDEFGHIJKLMNOPQRSTUVWXYZ")),CODE(MID($L15,12,1))-55,"#"))) | Z15: =IF(LEN($L15)<13,"",IF(ISNUMBER(FIND(MID($L15,13,1),"0123456789")),MID($L15,13,1),IF(ISNUMBER(FIND(MID($L15,13,1),"ABCDEFGHIJKLMNOPQRSTUVWXYZ")),CODE(MID($L15,13,1))-55,"#"))) | AA15: =IF(LEN($L15)<14,"",IF(ISNUMBER(FIND(MID($L15,14,1),"0123456789")),MID($L15,14,1),IF(ISNUMBER(FIND(MID($L15,14,1),"ABCDEFGHIJKLMNOPQRSTUVWXYZ")),CODE(MID($L15,14,1))-55,"#"))) | AB15: =IF(LEN($L15)<15,"",IF(ISNUMBER(FIND(MID($L15,15,1),"0123456789")),MID($L15,15,1),IF(ISNUMBER(FIND(MID($L15,15,1),"ABCDEFGHIJKLMNOPQRSTUVWXYZ")),CODE(MID($L15,15,1))-55,"#"))) | AC15: =IF(LEN($L15)<16,"",IF(ISNUMBER(FIND(MID($L15,16,1),"0123456789")),MID($L15,16,1),IF(ISNUMBER(FIND(MID($L15,16,1),"ABCDEFGHIJKLMNOPQRSTUVWXYZ")),CODE(MID($L15,16,1))-55,"#"))) | AD15: =IF(LEN($L15)<17,"",IF(ISNUMBER(FIND(MID($L15,17,1),"0123456789")),MID($L15,17,1),IF(ISNUMBER(FIND(MID($L15,17,1),"ABCDEFGHIJKLMNOPQRSTUVWXYZ")),CODE(MID($L15,17,1))-55,"#"))) | AE15: =IF(LEN($L15)<18,"",IF(ISNUMBER(FIND(MID($L15,18,1),"0123456789")),MID($L15,18,1),IF(ISNUMBER(FIND(MID($L15,18,1),"ABCDEFGHIJKLMNOPQRSTUVWXYZ")),CODE(MID($L15,18,1))-55,"#"))) | AF15: =IF(LEN($L15)<19,"",IF(ISNUMBER(FIND(MID($L15,19,1),"0123456789")),MID($L15,19,1),IF(ISNUMBER(FIND(MID($L15,19,1),"ABCDEFGHIJKLMNOPQRSTUVWXYZ")),CODE(MID($L15,19,1))-55,"#"))) | AG15: =IF(LEN($L15)<20,"",IF(ISNUMBER(FIND(MID($L15,20,1),"0123456789")),MID($L15,20,1),IF(ISNUMBER(FIND(MID($L15,20,1),"ABCDEFGHIJKLMNOPQRSTUVWXYZ")),CODE(MID($L15,20,1))-55,"#"))) | AH15: =IF(LEN($L15)<21,"",IF(ISNUMBER(FIND(MID($L15,21,1),"0123456789")),MID($L15,21,1),IF(ISNUMBER(FIND(MID($L15,21,1),"ABCDEFGHIJKLMNOPQRSTUVWXYZ")),CODE(MID($L15,21,1))-55,"#"))) | AI15: =IF(LEN($L15)<22,"",IF(ISNUMBER(FIND(MID($L15,22,1),"0123456789")),MID($L15,22,1),IF(ISNUMBER(FIND(MID($L15,22,1),"ABCDEFGHIJKLMNOPQRSTUVWXYZ")),CODE(MID($L15,22,1))-55,"#"))) | AJ15: =IF(LEN($L15)<23,"",IF(ISNUMBER(FIND(MID($L15,23,1),"0123456789")),MID($L15,23,1),IF(ISNUMBER(FIND(MID($L15,23,1),"ABCDEFGHIJKLMNOPQRSTUVWXYZ")),CODE(MID($L15,23,1))-55,"#"))) | AK15: =IF(LEN($L15)<24,"",IF(ISNUMBER(FIND(MID($L15,24,1),"0123456789")),MID($L15,24,1),IF(ISNUMBER(FIND(MID($L15,24,1),"ABCDEFGHIJKLMNOPQRSTUVWXYZ")),CODE(MID($L15,24,1))-55,"#"))) | AL15: =IF(LEN($L15)<25,"",IF(ISNUMBER(FIND(MID($L15,25,1),"0123456789")),MID($L15,25,1),IF(ISNUMBER(FIND(MID($L15,25,1),"ABCDEFGHIJKLMNOPQRSTUVWXYZ")),CODE(MID($L15,25,1))-55,"#"))) | AM15: =IF(LEN($L15)<26,"",IF(ISNUMBER(FIND(MID($L15,26,1),"0123456789")),MID($L15,26,1),IF(ISNUMBER(FIND(MID($L15,26,1),"ABCDEFGHIJKLMNOPQRSTUVWXYZ")),CODE(MID($L15,26,1))-55,"#"))) | AN15: =IF(LEN($L15)<27,"",IF(ISNUMBER(FIND(MID($L15,27,1),"0123456789")),MID($L15,27,1),IF(ISNUMBER(FIND(MID($L15,27,1),"ABCDEFGHIJKLMNOPQRSTUVWXYZ")),CODE(MID($L15,27,1))-55,"#"))) | AO15: =IF(LEN($L15)<28,"",IF(ISNUMBER(FIND(MID($L15,28,1),"0123456789")),MID($L15,28,1),IF(ISNUMBER(FIND(MID($L15,28,1),"ABCDEFGHIJKLMNOPQRSTUVWXYZ")),CODE(MID($L15,28,1))-55,"#"))) | AP15: =IF(LEN($L15)<29,"",IF(ISNUMBER(FIND(MID($L15,29,1),"0123456789")),MID($L15,29,1),IF(ISNUMBER(FIND(MID($L15,29,1),"ABCDEFGHIJKLMNOPQRSTUVWXYZ")),CODE(MID($L15,29,1))-55,"#"))) | AQ15: =IF(LEN($L15)<30,"",IF(ISNUMBER(FIND(MID($L15,30,1),"0123456789")),MID($L15,30,1),IF(ISNUMBER(FIND(MID($L15,30,1),"ABCDEFGHIJKLMNOPQRSTUVWXYZ")),CODE(MID($L15,30,1))-55,"#"))) | AR15: =IF(LEN($L15)<31,"",IF(ISNUMBER(FIND(MID($L15,31,1),"0123456789")),MID($L15,31,1),IF(ISNUMBER(FIND(MID($L15,31,1),"ABCDEFGHIJKLMNOPQRSTUVWXYZ")),CODE(MID($L15,31,1))-55,"#"))) | AS15: =IF(LEN($L15)<32,"",IF(ISNUMBER(FIND(MID($L15,32,1),"0123456789")),MID($L15,32,1),IF(ISNUMBER(FIND(MID($L15,32,1),"ABCDEFGHIJKLMNOPQRSTUVWXYZ")),CODE(MID($L15,32,1))-55,"#"))) | AT15: =IF(LEN($L15)<33,"",IF(ISNUMBER(FIND(MID($L15,33,1),"0123456789")),MID($L15,33,1),IF(ISNUMBER(FIND(MID($L15,33,1),"ABCDEFGHIJKLMNOPQRSTUVWXYZ")),CODE(MID($L15,33,1))-55,"#"))) | AU15: =IF(LEN($L15)<34,"",IF(ISNUMBER(FIND(MID($L15,34,1),"0123456789")),MID($L15,34,1),IF(ISNUMBER(FIND(MID($L15,34,1),"ABCDEFGHIJKLMNOPQRSTUVWXYZ")),CODE(MID($L15,34,1))-55,"#"))) | AV15: =_xlfn.CONCAT(N15:AU15) | AW15: =IF(OR(AV15="",M15=FALSE()),"",MOD(VALUE(MID(AV15,1,9)),97)) | AX15: =IF(AW15="","",MOD(VALUE(AW15&MID(AV15,10,7)),97)) | AY15: =IF(AX15="","",MOD(VALUE(AX15&MID(AV15,17,7)),97)) | AZ15: =IF(AY15="","",MOD(VALUE(AY15&MID(AV15,24,7)),97)) | BA15: =IF(AZ15="","",MOD(VALUE(AZ15&MID(AV15,31,7)),97)) | BB15: =IF(BA15="","",MOD(VALUE(BA15&MID(AV15,38,7)),97)) | BC15: =IF(BB15="","",MOD(VALUE(BB15&MID(AV15,45,7)),97)) | BD15: =IF(BC15="","",MOD(VALUE(BC15&MID(AV15,52,7)),97)) | BE15: =IF(BD15="","",MOD(VALUE(BD15&MID(AV15,59,7)),97)) | BF15: =IF(BE15="","",MOD(VALUE(BE15&MID(AV15,66,7)),97))
B16: =UPPER(SUBSTITUTE(SUBSTITUTE(SUBSTITUTE(TRIM(A16)," ",""),"-",""),CHAR(160),"")) | C16: =IF(B16="","",LEN(B16)) | D16: =IF(B16="","",LEFT(B16,2)) | E16: =IF(B16="","",MID(B16,3,2)) | F16: =IF(B16="","",MID(B16,5,2)) | G16: =IF(B16="","",IFERROR(INDEX('رموز البنوك'!$C$5:$C$30,MATCH(F16,'رموز البنوك'!$B$5:$B$30,0)),"رمز غير معروف")) | H16: =BF16 | I16: =IF(OR(H16="",NOT(AND(ISNUMBER(FIND(MID(B16,3,1),"0123456789")),ISNUMBER(FIND(MID(B16,4,1),"0123456789"))))),"",TEXT(98-MOD(H16-VALUE(E16),97),"00")) | J16: =IF(B16="","",IF(LEFT(K16,10)="آيبان صحيح","صحيح ✓","غير صحيح ✗")) | K16: =IF(B16="","",IF(M16=FALSE(),"يحتوي رموزاً غير مسموحة (المسموح A–Z و 0–9 فقط)",IF(D16<>"SA","رمز الدولة "&D16&" — هذا المدقق للآيبان السعودي SA",IF(C16<>24,"الطول "&C16&" خانة والمطلوب 24",IF(NOT(AND(ISNUMBER(FIND(MID(B16,3,1),"0123456789")),ISNUMBER(FIND(MID(B16,4,1),"0123456789")))),"خانتا التدقيق يجب أن تكونا رقمين",IF(ISERROR(VALUE(MID(B16,5,20))),"رمز البنك ورقم الحساب يجب أن يكونا أرقاماً",IF(H16<>1,"فشل اختبار MOD-97 (الباقي "&H16&" وليس 1) — خطأ في كتابة الرقم؛ خانتا التدقيق الصحيحتان لهذا الحساب "&I16,IF(G16="رمز غير معروف","اجتاز MOD-97 لكن رمز البنك "&F16&" غير مسجل في جدول البنوك","آيبان صحيح — "&G16)))))))) | L16: =IF(B16="","",MID(B16,5,40)&LEFT(B16,4)) | M16: =IF(L16="","",NOT(ISNUMBER(FIND("#",AV16)))) | N16: =IF(LEN($L16)<1,"",IF(ISNUMBER(FIND(MID($L16,1,1),"0123456789")),MID($L16,1,1),IF(ISNUMBER(FIND(MID($L16,1,1),"ABCDEFGHIJKLMNOPQRSTUVWXYZ")),CODE(MID($L16,1,1))-55,"#"))) | O16: =IF(LEN($L16)<2,"",IF(ISNUMBER(FIND(MID($L16,2,1),"0123456789")),MID($L16,2,1),IF(ISNUMBER(FIND(MID($L16,2,1),"ABCDEFGHIJKLMNOPQRSTUVWXYZ")),CODE(MID($L16,2,1))-55,"#"))) | P16: =IF(LEN($L16)<3,"",IF(ISNUMBER(FIND(MID($L16,3,1),"0123456789")),MID($L16,3,1),IF(ISNUMBER(FIND(MID($L16,3,1),"ABCDEFGHIJKLMNOPQRSTUVWXYZ")),CODE(MID($L16,3,1))-55,"#"))) | Q16: =IF(LEN($L16)<4,"",IF(ISNUMBER(FIND(MID($L16,4,1),"0123456789")),MID($L16,4,1),IF(ISNUMBER(FIND(MID($L16,4,1),"ABCDEFGHIJKLMNOPQRSTUVWXYZ")),CODE(MID($L16,4,1))-55,"#"))) | R16: =IF(LEN($L16)<5,"",IF(ISNUMBER(FIND(MID($L16,5,1),"0123456789")),MID($L16,5,1),IF(ISNUMBER(FIND(MID($L16,5,1),"ABCDEFGHIJKLMNOPQRSTUVWXYZ")),CODE(MID($L16,5,1))-55,"#"))) | S16: =IF(LEN($L16)<6,"",IF(ISNUMBER(FIND(MID($L16,6,1),"0123456789")),MID($L16,6,1),IF(ISNUMBER(FIND(MID($L16,6,1),"ABCDEFGHIJKLMNOPQRSTUVWXYZ")),CODE(MID($L16,6,1))-55,"#"))) | T16: =IF(LEN($L16)<7,"",IF(ISNUMBER(FIND(MID($L16,7,1),"0123456789")),MID($L16,7,1),IF(ISNUMBER(FIND(MID($L16,7,1),"ABCDEFGHIJKLMNOPQRSTUVWXYZ")),CODE(MID($L16,7,1))-55,"#"))) | U16: =IF(LEN($L16)<8,"",IF(ISNUMBER(FIND(MID($L16,8,1),"0123456789")),MID($L16,8,1),IF(ISNUMBER(FIND(MID($L16,8,1),"ABCDEFGHIJKLMNOPQRSTUVWXYZ")),CODE(MID($L16,8,1))-55,"#"))) | V16: =IF(LEN($L16)<9,"",IF(ISNUMBER(FIND(MID($L16,9,1),"0123456789")),MID($L16,9,1),IF(ISNUMBER(FIND(MID($L16,9,1),"ABCDEFGHIJKLMNOPQRSTUVWXYZ")),CODE(MID($L16,9,1))-55,"#"))) | W16: =IF(LEN($L16)<10,"",IF(ISNUMBER(FIND(MID($L16,10,1),"0123456789")),MID($L16,10,1),IF(ISNUMBER(FIND(MID($L16,10,1),"ABCDEFGHIJKLMNOPQRSTUVWXYZ")),CODE(MID($L16,10,1))-55,"#"))) | X16: =IF(LEN($L16)<11,"",IF(ISNUMBER(FIND(MID($L16,11,1),"0123456789")),MID($L16,11,1),IF(ISNUMBER(FIND(MID($L16,11,1),"ABCDEFGHIJKLMNOPQRSTUVWXYZ")),CODE(MID($L16,11,1))-55,"#"))) | Y16: =IF(LEN($L16)<12,"",IF(ISNUMBER(FIND(MID($L16,12,1),"0123456789")),MID($L16,12,1),IF(ISNUMBER(FIND(MID($L16,12,1),"ABCDEFGHIJKLMNOPQRSTUVWXYZ")),CODE(MID($L16,12,1))-55,"#"))) | Z16: =IF(LEN($L16)<13,"",IF(ISNUMBER(FIND(MID($L16,13,1),"0123456789")),MID($L16,13,1),IF(ISNUMBER(FIND(MID($L16,13,1),"ABCDEFGHIJKLMNOPQRSTUVWXYZ")),CODE(MID($L16,13,1))-55,"#"))) | AA16: =IF(LEN($L16)<14,"",IF(ISNUMBER(FIND(MID($L16,14,1),"0123456789")),MID($L16,14,1),IF(ISNUMBER(FIND(MID($L16,14,1),"ABCDEFGHIJKLMNOPQRSTUVWXYZ")),CODE(MID($L16,14,1))-55,"#"))) | AB16: =IF(LEN($L16)<15,"",IF(ISNUMBER(FIND(MID($L16,15,1),"0123456789")),MID($L16,15,1),IF(ISNUMBER(FIND(MID($L16,15,1),"ABCDEFGHIJKLMNOPQRSTUVWXYZ")),CODE(MID($L16,15,1))-55,"#"))) | AC16: =IF(LEN($L16)<16,"",IF(ISNUMBER(FIND(MID($L16,16,1),"0123456789")),MID($L16,16,1),IF(ISNUMBER(FIND(MID($L16,16,1),"ABCDEFGHIJKLMNOPQRSTUVWXYZ")),CODE(MID($L16,16,1))-55,"#"))) | AD16: =IF(LEN($L16)<17,"",IF(ISNUMBER(FIND(MID($L16,17,1),"0123456789")),MID($L16,17,1),IF(ISNUMBER(FIND(MID($L16,17,1),"ABCDEFGHIJKLMNOPQRSTUVWXYZ")),CODE(MID($L16,17,1))-55,"#"))) | AE16: =IF(LEN($L16)<18,"",IF(ISNUMBER(FIND(MID($L16,18,1),"0123456789")),MID($L16,18,1),IF(ISNUMBER(FIND(MID($L16,18,1),"ABCDEFGHIJKLMNOPQRSTUVWXYZ")),CODE(MID($L16,18,1))-55,"#"))) | AF16: =IF(LEN($L16)<19,"",IF(ISNUMBER(FIND(MID($L16,19,1),"0123456789")),MID($L16,19,1),IF(ISNUMBER(FIND(MID($L16,19,1),"ABCDEFGHIJKLMNOPQRSTUVWXYZ")),CODE(MID($L16,19,1))-55,"#"))) | AG16: =IF(LEN($L16)<20,"",IF(ISNUMBER(FIND(MID($L16,20,1),"0123456789")),MID($L16,20,1),IF(ISNUMBER(FIND(MID($L16,20,1),"ABCDEFGHIJKLMNOPQRSTUVWXYZ")),CODE(MID($L16,20,1))-55,"#"))) | AH16: =IF(LEN($L16)<21,"",IF(ISNUMBER(FIND(MID($L16,21,1),"0123456789")),MID($L16,21,1),IF(ISNUMBER(FIND(MID($L16,21,1),"ABCDEFGHIJKLMNOPQRSTUVWXYZ")),CODE(MID($L16,21,1))-55,"#"))) | AI16: =IF(LEN($L16)<22,"",IF(ISNUMBER(FIND(MID($L16,22,1),"0123456789")),MID($L16,22,1),IF(ISNUMBER(FIND(MID($L16,22,1),"ABCDEFGHIJKLMNOPQRSTUVWXYZ")),CODE(MID($L16,22,1))-55,"#"))) | AJ16: =IF(LEN($L16)<23,"",IF(ISNUMBER(FIND(MID($L16,23,1),"0123456789")),MID($L16,23,1),IF(ISNUMBER(FIND(MID($L16,23,1),"ABCDEFGHIJKLMNOPQRSTUVWXYZ")),CODE(MID($L16,23,1))-55,"#"))) | AK16: =IF(LEN($L16)<24,"",IF(ISNUMBER(FIND(MID($L16,24,1),"0123456789")),MID($L16,24,1),IF(ISNUMBER(FIND(MID($L16,24,1),"ABCDEFGHIJKLMNOPQRSTUVWXYZ")),CODE(MID($L16,24,1))-55,"#"))) | AL16: =IF(LEN($L16)<25,"",IF(ISNUMBER(FIND(MID($L16,25,1),"0123456789")),MID($L16,25,1),IF(ISNUMBER(FIND(MID($L16,25,1),"ABCDEFGHIJKLMNOPQRSTUVWXYZ")),CODE(MID($L16,25,1))-55,"#"))) | AM16: =IF(LEN($L16)<26,"",IF(ISNUMBER(FIND(MID($L16,26,1),"0123456789")),MID($L16,26,1),IF(ISNUMBER(FIND(MID($L16,26,1),"ABCDEFGHIJKLMNOPQRSTUVWXYZ")),CODE(MID($L16,26,1))-55,"#"))) | AN16: =IF(LEN($L16)<27,"",IF(ISNUMBER(FIND(MID($L16,27,1),"0123456789")),MID($L16,27,1),IF(ISNUMBER(FIND(MID($L16,27,1),"ABCDEFGHIJKLMNOPQRSTUVWXYZ")),CODE(MID($L16,27,1))-55,"#"))) | AO16: =IF(LEN($L16)<28,"",IF(ISNUMBER(FIND(MID($L16,28,1),"0123456789")),MID($L16,28,1),IF(ISNUMBER(FIND(MID($L16,28,1),"ABCDEFGHIJKLMNOPQRSTUVWXYZ")),CODE(MID($L16,28,1))-55,"#"))) | AP16: =IF(LEN($L16)<29,"",IF(ISNUMBER(FIND(MID($L16,29,1),"0123456789")),MID($L16,29,1),IF(ISNUMBER(FIND(MID($L16,29,1),"ABCDEFGHIJKLMNOPQRSTUVWXYZ")),CODE(MID($L16,29,1))-55,"#"))) | AQ16: =IF(LEN($L16)<30,"",IF(ISNUMBER(FIND(MID($L16,30,1),"0123456789")),MID($L16,30,1),IF(ISNUMBER(FIND(MID($L16,30,1),"ABCDEFGHIJKLMNOPQRSTUVWXYZ")),CODE(MID($L16,30,1))-55,"#"))) | AR16: =IF(LEN($L16)<31,"",IF(ISNUMBER(FIND(MID($L16,31,1),"0123456789")),MID($L16,31,1),IF(ISNUMBER(FIND(MID($L16,31,1),"ABCDEFGHIJKLMNOPQRSTUVWXYZ")),CODE(MID($L16,31,1))-55,"#"))) | AS16: =IF(LEN($L16)<32,"",IF(ISNUMBER(FIND(MID($L16,32,1),"0123456789")),MID($L16,32,1),IF(ISNUMBER(FIND(MID($L16,32,1),"ABCDEFGHIJKLMNOPQRSTUVWXYZ")),CODE(MID($L16,32,1))-55,"#"))) | AT16: =IF(LEN($L16)<33,"",IF(ISNUMBER(FIND(MID($L16,33,1),"0123456789")),MID($L16,33,1),IF(ISNUMBER(FIND(MID($L16,33,1),"ABCDEFGHIJKLMNOPQRSTUVWXYZ")),CODE(MID($L16,33,1))-55,"#"))) | AU16: =IF(LEN($L16)<34,"",IF(ISNUMBER(FIND(MID($L16,34,1),"0123456789")),MID($L16,34,1),IF(ISNUMBER(FIND(MID($L16,34,1),"ABCDEFGHIJKLMNOPQRSTUVWXYZ")),CODE(MID($L16,34,1))-55,"#"))) | AV16: =_xlfn.CONCAT(N16:AU16) | AW16: =IF(OR(AV16="",M16=FALSE()),"",MOD(VALUE(MID(AV16,1,9)),97)) | AX16: =IF(AW16="","",MOD(VALUE(AW16&MID(AV16,10,7)),97)) | AY16: =IF(AX16="","",MOD(VALUE(AX16&MID(AV16,17,7)),97)) | AZ16: =IF(AY16="","",MOD(VALUE(AY16&MID(AV16,24,7)),97)) | BA16: =IF(AZ16="","",MOD(VALUE(AZ16&MID(AV16,31,7)),97)) | BB16: =IF(BA16="","",MOD(VALUE(BA16&MID(AV16,38,7)),97)) | BC16: =IF(BB16="","",MOD(VALUE(BB16&MID(AV16,45,7)),97)) | BD16: =IF(BC16="","",MOD(VALUE(BC16&MID(AV16,52,7)),97)) | BE16: =IF(BD16="","",MOD(VALUE(BD16&MID(AV16,59,7)),97)) | BF16: =IF(BE16="","",MOD(VALUE(BE16&MID(AV16,66,7)),97))
B17: =UPPER(SUBSTITUTE(SUBSTITUTE(SUBSTITUTE(TRIM(A17)," ",""),"-",""),CHAR(160),"")) | C17: =IF(B17="","",LEN(B17)) | D17: =IF(B17="","",LEFT(B17,2)) | E17: =IF(B17="","",MID(B17,3,2)) | F17: =IF(B17="","",MID(B17,5,2)) | G17: =IF(B17="","",IFERROR(INDEX('رموز البنوك'!$C$5:$C$30,MATCH(F17,'رموز البنوك'!$B$5:$B$30,0)),"رمز غير معروف")) | H17: =BF17 | I17: =IF(OR(H17="",NOT(AND(ISNUMBER(FIND(MID(B17,3,1),"0123456789")),ISNUMBER(FIND(MID(B17,4,1),"0123456789"))))),"",TEXT(98-MOD(H17-VALUE(E17),97),"00")) | J17: =IF(B17="","",IF(LEFT(K17,10)="آيبان صحيح","صحيح ✓","غير صحيح ✗")) | K17: =IF(B17="","",IF(M17=FALSE(),"يحتوي رموزاً غير مسموحة (المسموح A–Z و 0–9 فقط)",IF(D17<>"SA","رمز الدولة "&D17&" — هذا المدقق للآيبان السعودي SA",IF(C17<>24,"الطول "&C17&" خانة والمطلوب 24",IF(NOT(AND(ISNUMBER(FIND(MID(B17,3,1),"0123456789")),ISNUMBER(FIND(MID(B17,4,1),"0123456789")))),"خانتا التدقيق يجب أن تكونا رقمين",IF(ISERROR(VALUE(MID(B17,5,20))),"رمز البنك ورقم الحساب يجب أن يكونا أرقاماً",IF(H17<>1,"فشل اختبار MOD-97 (الباقي "&H17&" وليس 1) — خطأ في كتابة الرقم؛ خانتا التدقيق الصحيحتان لهذا الحساب "&I17,IF(G17="رمز غير معروف","اجتاز MOD-97 لكن رمز البنك "&F17&" غير مسجل في جدول البنوك","آيبان صحيح — "&G17)))))))) | L17: =IF(B17="","",MID(B17,5,40)&LEFT(B17,4)) | M17: =IF(L17="","",NOT(ISNUMBER(FIND("#",AV17)))) | N17: =IF(LEN($L17)<1,"",IF(ISNUMBER(FIND(MID($L17,1,1),"0123456789")),MID($L17,1,1),IF(ISNUMBER(FIND(MID($L17,1,1),"ABCDEFGHIJKLMNOPQRSTUVWXYZ")),CODE(MID($L17,1,1))-55,"#"))) | O17: =IF(LEN($L17)<2,"",IF(ISNUMBER(FIND(MID($L17,2,1),"0123456789")),MID($L17,2,1),IF(ISNUMBER(FIND(MID($L17,2,1),"ABCDEFGHIJKLMNOPQRSTUVWXYZ")),CODE(MID($L17,2,1))-55,"#"))) | P17: =IF(LEN($L17)<3,"",IF(ISNUMBER(FIND(MID($L17,3,1),"0123456789")),MID($L17,3,1),IF(ISNUMBER(FIND(MID($L17,3,1),"ABCDEFGHIJKLMNOPQRSTUVWXYZ")),CODE(MID($L17,3,1))-55,"#"))) | Q17: =IF(LEN($L17)<4,"",IF(ISNUMBER(FIND(MID($L17,4,1),"0123456789")),MID($L17,4,1),IF(ISNUMBER(FIND(MID($L17,4,1),"ABCDEFGHIJKLMNOPQRSTUVWXYZ")),CODE(MID($L17,4,1))-55,"#"))) | R17: =IF(LEN($L17)<5,"",IF(ISNUMBER(FIND(MID($L17,5,1),"0123456789")),MID($L17,5,1),IF(ISNUMBER(FIND(MID($L17,5,1),"ABCDEFGHIJKLMNOPQRSTUVWXYZ")),CODE(MID($L17,5,1))-55,"#"))) | S17: =IF(LEN($L17)<6,"",IF(ISNUMBER(FIND(MID($L17,6,1),"0123456789")),MID($L17,6,1),IF(ISNUMBER(FIND(MID($L17,6,1),"ABCDEFGHIJKLMNOPQRSTUVWXYZ")),CODE(MID($L17,6,1))-55,"#"))) | T17: =IF(LEN($L17)<7,"",IF(ISNUMBER(FIND(MID($L17,7,1),"0123456789")),MID($L17,7,1),IF(ISNUMBER(FIND(MID($L17,7,1),"ABCDEFGHIJKLMNOPQRSTUVWXYZ")),CODE(MID($L17,7,1))-55,"#"))) | U17: =IF(LEN($L17)<8,"",IF(ISNUMBER(FIND(MID($L17,8,1),"0123456789")),MID($L17,8,1),IF(ISNUMBER(FIND(MID($L17,8,1),"ABCDEFGHIJKLMNOPQRSTUVWXYZ")),CODE(MID($L17,8,1))-55,"#"))) | V17: =IF(LEN($L17)<9,"",IF(ISNUMBER(FIND(MID($L17,9,1),"0123456789")),MID($L17,9,1),IF(ISNUMBER(FIND(MID($L17,9,1),"ABCDEFGHIJKLMNOPQRSTUVWXYZ")),CODE(MID($L17,9,1))-55,"#"))) | W17: =IF(LEN($L17)<10,"",IF(ISNUMBER(FIND(MID($L17,10,1),"0123456789")),MID($L17,10,1),IF(ISNUMBER(FIND(MID($L17,10,1),"ABCDEFGHIJKLMNOPQRSTUVWXYZ")),CODE(MID($L17,10,1))-55,"#"))) | X17: =IF(LEN($L17)<11,"",IF(ISNUMBER(FIND(MID($L17,11,1),"0123456789")),MID($L17,11,1),IF(ISNUMBER(FIND(MID($L17,11,1),"ABCDEFGHIJKLMNOPQRSTUVWXYZ")),CODE(MID($L17,11,1))-55,"#"))) | Y17: =IF(LEN($L17)<12,"",IF(ISNUMBER(FIND(MID($L17,12,1),"0123456789")),MID($L17,12,1),IF(ISNUMBER(FIND(MID($L17,12,1),"ABCDEFGHIJKLMNOPQRSTUVWXYZ")),CODE(MID($L17,12,1))-55,"#"))) | Z17: =IF(LEN($L17)<13,"",IF(ISNUMBER(FIND(MID($L17,13,1),"0123456789")),MID($L17,13,1),IF(ISNUMBER(FIND(MID($L17,13,1),"ABCDEFGHIJKLMNOPQRSTUVWXYZ")),CODE(MID($L17,13,1))-55,"#"))) | AA17: =IF(LEN($L17)<14,"",IF(ISNUMBER(FIND(MID($L17,14,1),"0123456789")),MID($L17,14,1),IF(ISNUMBER(FIND(MID($L17,14,1),"ABCDEFGHIJKLMNOPQRSTUVWXYZ")),CODE(MID($L17,14,1))-55,"#"))) | AB17: =IF(LEN($L17)<15,"",IF(ISNUMBER(FIND(MID($L17,15,1),"0123456789")),MID($L17,15,1),IF(ISNUMBER(FIND(MID($L17,15,1),"ABCDEFGHIJKLMNOPQRSTUVWXYZ")),CODE(MID($L17,15,1))-55,"#"))) | AC17: =IF(LEN($L17)<16,"",IF(ISNUMBER(FIND(MID($L17,16,1),"0123456789")),MID($L17,16,1),IF(ISNUMBER(FIND(MID($L17,16,1),"ABCDEFGHIJKLMNOPQRSTUVWXYZ")),CODE(MID($L17,16,1))-55,"#"))) | AD17: =IF(LEN($L17)<17,"",IF(ISNUMBER(FIND(MID($L17,17,1),"0123456789")),MID($L17,17,1),IF(ISNUMBER(FIND(MID($L17,17,1),"ABCDEFGHIJKLMNOPQRSTUVWXYZ")),CODE(MID($L17,17,1))-55,"#"))) | AE17: =IF(LEN($L17)<18,"",IF(ISNUMBER(FIND(MID($L17,18,1),"0123456789")),MID($L17,18,1),IF(ISNUMBER(FIND(MID($L17,18,1),"ABCDEFGHIJKLMNOPQRSTUVWXYZ")),CODE(MID($L17,18,1))-55,"#"))) | AF17: =IF(LEN($L17)<19,"",IF(ISNUMBER(FIND(MID($L17,19,1),"0123456789")),MID($L17,19,1),IF(ISNUMBER(FIND(MID($L17,19,1),"ABCDEFGHIJKLMNOPQRSTUVWXYZ")),CODE(MID($L17,19,1))-55,"#"))) | AG17: =IF(LEN($L17)<20,"",IF(ISNUMBER(FIND(MID($L17,20,1),"0123456789")),MID($L17,20,1),IF(ISNUMBER(FIND(MID($L17,20,1),"ABCDEFGHIJKLMNOPQRSTUVWXYZ")),CODE(MID($L17,20,1))-55,"#"))) | AH17: =IF(LEN($L17)<21,"",IF(ISNUMBER(FIND(MID($L17,21,1),"0123456789")),MID($L17,21,1),IF(ISNUMBER(FIND(MID($L17,21,1),"ABCDEFGHIJKLMNOPQRSTUVWXYZ")),CODE(MID($L17,21,1))-55,"#"))) | AI17: =IF(LEN($L17)<22,"",IF(ISNUMBER(FIND(MID($L17,22,1),"0123456789")),MID($L17,22,1),IF(ISNUMBER(FIND(MID($L17,22,1),"ABCDEFGHIJKLMNOPQRSTUVWXYZ")),CODE(MID($L17,22,1))-55,"#"))) | AJ17: =IF(LEN($L17)<23,"",IF(ISNUMBER(FIND(MID($L17,23,1),"0123456789")),MID($L17,23,1),IF(ISNUMBER(FIND(MID($L17,23,1),"ABCDEFGHIJKLMNOPQRSTUVWXYZ")),CODE(MID($L17,23,1))-55,"#"))) | AK17: =IF(LEN($L17)<24,"",IF(ISNUMBER(FIND(MID($L17,24,1),"0123456789")),MID($L17,24,1),IF(ISNUMBER(FIND(MID($L17,24,1),"ABCDEFGHIJKLMNOPQRSTUVWXYZ")),CODE(MID($L17,24,1))-55,"#"))) | AL17: =IF(LEN($L17)<25,"",IF(ISNUMBER(FIND(MID($L17,25,1),"0123456789")),MID($L17,25,1),IF(ISNUMBER(FIND(MID($L17,25,1),"ABCDEFGHIJKLMNOPQRSTUVWXYZ")),CODE(MID($L17,25,1))-55,"#"))) | AM17: =IF(LEN($L17)<26,"",IF(ISNUMBER(FIND(MID($L17,26,1),"0123456789")),MID($L17,26,1),IF(ISNUMBER(FIND(MID($L17,26,1),"ABCDEFGHIJKLMNOPQRSTUVWXYZ")),CODE(MID($L17,26,1))-55,"#"))) | AN17: =IF(LEN($L17)<27,"",IF(ISNUMBER(FIND(MID($L17,27,1),"0123456789")),MID($L17,27,1),IF(ISNUMBER(FIND(MID($L17,27,1),"ABCDEFGHIJKLMNOPQRSTUVWXYZ")),CODE(MID($L17,27,1))-55,"#"))) | AO17: =IF(LEN($L17)<28,"",IF(ISNUMBER(FIND(MID($L17,28,1),"0123456789")),MID($L17,28,1),IF(ISNUMBER(FIND(MID($L17,28,1),"ABCDEFGHIJKLMNOPQRSTUVWXYZ")),CODE(MID($L17,28,1))-55,"#"))) | AP17: =IF(LEN($L17)<29,"",IF(ISNUMBER(FIND(MID($L17,29,1),"0123456789")),MID($L17,29,1),IF(ISNUMBER(FIND(MID($L17,29,1),"ABCDEFGHIJKLMNOPQRSTUVWXYZ")),CODE(MID($L17,29,1))-55,"#"))) | AQ17: =IF(LEN($L17)<30,"",IF(ISNUMBER(FIND(MID($L17,30,1),"0123456789")),MID($L17,30,1),IF(ISNUMBER(FIND(MID($L17,30,1),"ABCDEFGHIJKLMNOPQRSTUVWXYZ")),CODE(MID($L17,30,1))-55,"#"))) | AR17: =IF(LEN($L17)<31,"",IF(ISNUMBER(FIND(MID($L17,31,1),"0123456789")),MID($L17,31,1),IF(ISNUMBER(FIND(MID($L17,31,1),"ABCDEFGHIJKLMNOPQRSTUVWXYZ")),CODE(MID($L17,31,1))-55,"#"))) | AS17: =IF(LEN($L17)<32,"",IF(ISNUMBER(FIND(MID($L17,32,1),"0123456789")),MID($L17,32,1),IF(ISNUMBER(FIND(MID($L17,32,1),"ABCDEFGHIJKLMNOPQRSTUVWXYZ")),CODE(MID($L17,32,1))-55,"#"))) | AT17: =IF(LEN($L17)<33,"",IF(ISNUMBER(FIND(MID($L17,33,1),"0123456789")),MID($L17,33,1),IF(ISNUMBER(FIND(MID($L17,33,1),"ABCDEFGHIJKLMNOPQRSTUVWXYZ")),CODE(MID($L17,33,1))-55,"#"))) | AU17: =IF(LEN($L17)<34,"",IF(ISNUMBER(FIND(MID($L17,34,1),"0123456789")),MID($L17,34,1),IF(ISNUMBER(FIND(MID($L17,34,1),"ABCDEFGHIJKLMNOPQRSTUVWXYZ")),CODE(MID($L17,34,1))-55,"#"))) | AV17: =_xlfn.CONCAT(N17:AU17) | AW17: =IF(OR(AV17="",M17=FALSE()),"",MOD(VALUE(MID(AV17,1,9)),97)) | AX17: =IF(AW17="","",MOD(VALUE(AW17&MID(AV17,10,7)),97)) | AY17: =IF(AX17="","",MOD(VALUE(AX17&MID(AV17,17,7)),97)) | AZ17: =IF(AY17="","",MOD(VALUE(AY17&MID(AV17,24,7)),97)) | BA17: =IF(AZ17="","",MOD(VALUE(AZ17&MID(AV17,31,7)),97)) | BB17: =IF(BA17="","",MOD(VALUE(BA17&MID(AV17,38,7)),97)) | BC17: =IF(BB17="","",MOD(VALUE(BB17&MID(AV17,45,7)),97)) | BD17: =IF(BC17="","",MOD(VALUE(BC17&MID(AV17,52,7)),97)) | BE17: =IF(BD17="","",MOD(VALUE(BD17&MID(AV17,59,7)),97)) | BF17: =IF(BE17="","",MOD(VALUE(BE17&MID(AV17,66,7)),97))
B18: =UPPER(SUBSTITUTE(SUBSTITUTE(SUBSTITUTE(TRIM(A18)," ",""),"-",""),CHAR(160),"")) | C18: =IF(B18="","",LEN(B18)) | D18: =IF(B18="","",LEFT(B18,2)) | E18: =IF(B18="","",MID(B18,3,2)) | F18: =IF(B18="","",MID(B18,5,2)) | G18: =IF(B18="","",IFERROR(INDEX('رموز البنوك'!$C$5:$C$30,MATCH(F18,'رموز البنوك'!$B$5:$B$30,0)),"رمز غير معروف")) | H18: =BF18 | I18: =IF(OR(H18="",NOT(AND(ISNUMBER(FIND(MID(B18,3,1),"0123456789")),ISNUMBER(FIND(MID(B18,4,1),"0123456789"))))),"",TEXT(98-MOD(H18-VALUE(E18),97),"00")) | J18: =IF(B18="","",IF(LEFT(K18,10)="آيبان صحيح","صحيح ✓","غير صحيح ✗")) | K18: =IF(B18="","",IF(M18=FALSE(),"يحتوي رموزاً غير مسموحة (المسموح A–Z و 0–9 فقط)",IF(D18<>"SA","رمز الدولة "&D18&" — هذا المدقق للآيبان السعودي SA",IF(C18<>24,"الطول "&C18&" خانة والمطلوب 24",IF(NOT(AND(ISNUMBER(FIND(MID(B18,3,1),"0123456789")),ISNUMBER(FIND(MID(B18,4,1),"0123456789")))),"خانتا التدقيق يجب أن تكونا رقمين",IF(ISERROR(VALUE(MID(B18,5,20))),"رمز البنك ورقم الحساب يجب أن يكونا أرقاماً",IF(H18<>1,"فشل اختبار MOD-97 (الباقي "&H18&" وليس 1) — خطأ في كتابة الرقم؛ خانتا التدقيق الصحيحتان لهذا الحساب "&I18,IF(G18="رمز غير معروف","اجتاز MOD-97 لكن رمز البنك "&F18&" غير مسجل في جدول البنوك","آيبان صحيح — "&G18)))))))) | L18: =IF(B18="","",MID(B18,5,40)&LEFT(B18,4)) | M18: =IF(L18="","",NOT(ISNUMBER(FIND("#",AV18)))) | N18: =IF(LEN($L18)<1,"",IF(ISNUMBER(FIND(MID($L18,1,1),"0123456789")),MID($L18,1,1),IF(ISNUMBER(FIND(MID($L18,1,1),"ABCDEFGHIJKLMNOPQRSTUVWXYZ")),CODE(MID($L18,1,1))-55,"#"))) | O18: =IF(LEN($L18)<2,"",IF(ISNUMBER(FIND(MID($L18,2,1),"0123456789")),MID($L18,2,1),IF(ISNUMBER(FIND(MID($L18,2,1),"ABCDEFGHIJKLMNOPQRSTUVWXYZ")),CODE(MID($L18,2,1))-55,"#"))) | P18: =IF(LEN($L18)<3,"",IF(ISNUMBER(FIND(MID($L18,3,1),"0123456789")),MID($L18,3,1),IF(ISNUMBER(FIND(MID($L18,3,1),"ABCDEFGHIJKLMNOPQRSTUVWXYZ")),CODE(MID($L18,3,1))-55,"#"))) | Q18: =IF(LEN($L18)<4,"",IF(ISNUMBER(FIND(MID($L18,4,1),"0123456789")),MID($L18,4,1),IF(ISNUMBER(FIND(MID($L18,4,1),"ABCDEFGHIJKLMNOPQRSTUVWXYZ")),CODE(MID($L18,4,1))-55,"#"))) | R18: =IF(LEN($L18)<5,"",IF(ISNUMBER(FIND(MID($L18,5,1),"0123456789")),MID($L18,5,1),IF(ISNUMBER(FIND(MID($L18,5,1),"ABCDEFGHIJKLMNOPQRSTUVWXYZ")),CODE(MID($L18,5,1))-55,"#"))) | S18: =IF(LEN($L18)<6,"",IF(ISNUMBER(FIND(MID($L18,6,1),"0123456789")),MID($L18,6,1),IF(ISNUMBER(FIND(MID($L18,6,1),"ABCDEFGHIJKLMNOPQRSTUVWXYZ")),CODE(MID($L18,6,1))-55,"#"))) | T18: =IF(LEN($L18)<7,"",IF(ISNUMBER(FIND(MID($L18,7,1),"0123456789")),MID($L18,7,1),IF(ISNUMBER(FIND(MID($L18,7,1),"ABCDEFGHIJKLMNOPQRSTUVWXYZ")),CODE(MID($L18,7,1))-55,"#"))) | U18: =IF(LEN($L18)<8,"",IF(ISNUMBER(FIND(MID($L18,8,1),"0123456789")),MID($L18,8,1),IF(ISNUMBER(FIND(MID($L18,8,1),"ABCDEFGHIJKLMNOPQRSTUVWXYZ")),CODE(MID($L18,8,1))-55,"#"))) | V18: =IF(LEN($L18)<9,"",IF(ISNUMBER(FIND(MID($L18,9,1),"0123456789")),MID($L18,9,1),IF(ISNUMBER(FIND(MID($L18,9,1),"ABCDEFGHIJKLMNOPQRSTUVWXYZ")),CODE(MID($L18,9,1))-55,"#"))) | W18: =IF(LEN($L18)<10,"",IF(ISNUMBER(FIND(MID($L18,10,1),"0123456789")),MID($L18,10,1),IF(ISNUMBER(FIND(MID($L18,10,1),"ABCDEFGHIJKLMNOPQRSTUVWXYZ")),CODE(MID($L18,10,1))-55,"#"))) | X18: =IF(LEN($L18)<11,"",IF(ISNUMBER(FIND(MID($L18,11,1),"0123456789")),MID($L18,11,1),IF(ISNUMBER(FIND(MID($L18,11,1),"ABCDEFGHIJKLMNOPQRSTUVWXYZ")),CODE(MID($L18,11,1))-55,"#"))) | Y18: =IF(LEN($L18)<12,"",IF(ISNUMBER(FIND(MID($L18,12,1),"0123456789")),MID($L18,12,1),IF(ISNUMBER(FIND(MID($L18,12,1),"ABCDEFGHIJKLMNOPQRSTUVWXYZ")),CODE(MID($L18,12,1))-55,"#"))) | Z18: =IF(LEN($L18)<13,"",IF(ISNUMBER(FIND(MID($L18,13,1),"0123456789")),MID($L18,13,1),IF(ISNUMBER(FIND(MID($L18,13,1),"ABCDEFGHIJKLMNOPQRSTUVWXYZ")),CODE(MID($L18,13,1))-55,"#"))) | AA18: =IF(LEN($L18)<14,"",IF(ISNUMBER(FIND(MID($L18,14,1),"0123456789")),MID($L18,14,1),IF(ISNUMBER(FIND(MID($L18,14,1),"ABCDEFGHIJKLMNOPQRSTUVWXYZ")),CODE(MID($L18,14,1))-55,"#"))) | AB18: =IF(LEN($L18)<15,"",IF(ISNUMBER(FIND(MID($L18,15,1),"0123456789")),MID($L18,15,1),IF(ISNUMBER(FIND(MID($L18,15,1),"ABCDEFGHIJKLMNOPQRSTUVWXYZ")),CODE(MID($L18,15,1))-55,"#"))) | AC18: =IF(LEN($L18)<16,"",IF(ISNUMBER(FIND(MID($L18,16,1),"0123456789")),MID($L18,16,1),IF(ISNUMBER(FIND(MID($L18,16,1),"ABCDEFGHIJKLMNOPQRSTUVWXYZ")),CODE(MID($L18,16,1))-55,"#"))) | AD18: =IF(LEN($L18)<17,"",IF(ISNUMBER(FIND(MID($L18,17,1),"0123456789")),MID($L18,17,1),IF(ISNUMBER(FIND(MID($L18,17,1),"ABCDEFGHIJKLMNOPQRSTUVWXYZ")),CODE(MID($L18,17,1))-55,"#"))) | AE18: =IF(LEN($L18)<18,"",IF(ISNUMBER(FIND(MID($L18,18,1),"0123456789")),MID($L18,18,1),IF(ISNUMBER(FIND(MID($L18,18,1),"ABCDEFGHIJKLMNOPQRSTUVWXYZ")),CODE(MID($L18,18,1))-55,"#"))) | AF18: =IF(LEN($L18)<19,"",IF(ISNUMBER(FIND(MID($L18,19,1),"0123456789")),MID($L18,19,1),IF(ISNUMBER(FIND(MID($L18,19,1),"ABCDEFGHIJKLMNOPQRSTUVWXYZ")),CODE(MID($L18,19,1))-55,"#"))) | AG18: =IF(LEN($L18)<20,"",IF(ISNUMBER(FIND(MID($L18,20,1),"0123456789")),MID($L18,20,1),IF(ISNUMBER(FIND(MID($L18,20,1),"ABCDEFGHIJKLMNOPQRSTUVWXYZ")),CODE(MID($L18,20,1))-55,"#"))) | AH18: =IF(LEN($L18)<21,"",IF(ISNUMBER(FIND(MID($L18,21,1),"0123456789")),MID($L18,21,1),IF(ISNUMBER(FIND(MID($L18,21,1),"ABCDEFGHIJKLMNOPQRSTUVWXYZ")),CODE(MID($L18,21,1))-55,"#"))) | AI18: =IF(LEN($L18)<22,"",IF(ISNUMBER(FIND(MID($L18,22,1),"0123456789")),MID($L18,22,1),IF(ISNUMBER(FIND(MID($L18,22,1),"ABCDEFGHIJKLMNOPQRSTUVWXYZ")),CODE(MID($L18,22,1))-55,"#"))) | AJ18: =IF(LEN($L18)<23,"",IF(ISNUMBER(FIND(MID($L18,23,1),"0123456789")),MID($L18,23,1),IF(ISNUMBER(FIND(MID($L18,23,1),"ABCDEFGHIJKLMNOPQRSTUVWXYZ")),CODE(MID($L18,23,1))-55,"#"))) | AK18: =IF(LEN($L18)<24,"",IF(ISNUMBER(FIND(MID($L18,24,1),"0123456789")),MID($L18,24,1),IF(ISNUMBER(FIND(MID($L18,24,1),"ABCDEFGHIJKLMNOPQRSTUVWXYZ")),CODE(MID($L18,24,1))-55,"#"))) | AL18: =IF(LEN($L18)<25,"",IF(ISNUMBER(FIND(MID($L18,25,1),"0123456789")),MID($L18,25,1),IF(ISNUMBER(FIND(MID($L18,25,1),"ABCDEFGHIJKLMNOPQRSTUVWXYZ")),CODE(MID($L18,25,1))-55,"#"))) | AM18: =IF(LEN($L18)<26,"",IF(ISNUMBER(FIND(MID($L18,26,1),"0123456789")),MID($L18,26,1),IF(ISNUMBER(FIND(MID($L18,26,1),"ABCDEFGHIJKLMNOPQRSTUVWXYZ")),CODE(MID($L18,26,1))-55,"#"))) | AN18: =IF(LEN($L18)<27,"",IF(ISNUMBER(FIND(MID($L18,27,1),"0123456789")),MID($L18,27,1),IF(ISNUMBER(FIND(MID($L18,27,1),"ABCDEFGHIJKLMNOPQRSTUVWXYZ")),CODE(MID($L18,27,1))-55,"#"))) | AO18: =IF(LEN($L18)<28,"",IF(ISNUMBER(FIND(MID($L18,28,1),"0123456789")),MID($L18,28,1),IF(ISNUMBER(FIND(MID($L18,28,1),"ABCDEFGHIJKLMNOPQRSTUVWXYZ")),CODE(MID($L18,28,1))-55,"#"))) | AP18: =IF(LEN($L18)<29,"",IF(ISNUMBER(FIND(MID($L18,29,1),"0123456789")),MID($L18,29,1),IF(ISNUMBER(FIND(MID($L18,29,1),"ABCDEFGHIJKLMNOPQRSTUVWXYZ")),CODE(MID($L18,29,1))-55,"#"))) | AQ18: =IF(LEN($L18)<30,"",IF(ISNUMBER(FIND(MID($L18,30,1),"0123456789")),MID($L18,30,1),IF(ISNUMBER(FIND(MID($L18,30,1),"ABCDEFGHIJKLMNOPQRSTUVWXYZ")),CODE(MID($L18,30,1))-55,"#"))) | AR18: =IF(LEN($L18)<31,"",IF(ISNUMBER(FIND(MID($L18,31,1),"0123456789")),MID($L18,31,1),IF(ISNUMBER(FIND(MID($L18,31,1),"ABCDEFGHIJKLMNOPQRSTUVWXYZ")),CODE(MID($L18,31,1))-55,"#"))) | AS18: =IF(LEN($L18)<32,"",IF(ISNUMBER(FIND(MID($L18,32,1),"0123456789")),MID($L18,32,1),IF(ISNUMBER(FIND(MID($L18,32,1),"ABCDEFGHIJKLMNOPQRSTUVWXYZ")),CODE(MID($L18,32,1))-55,"#"))) | AT18: =IF(LEN($L18)<33,"",IF(ISNUMBER(FIND(MID($L18,33,1),"0123456789")),MID($L18,33,1),IF(ISNUMBER(FIND(MID($L18,33,1),"ABCDEFGHIJKLMNOPQRSTUVWXYZ")),CODE(MID($L18,33,1))-55,"#"))) | AU18: =IF(LEN($L18)<34,"",IF(ISNUMBER(FIND(MID($L18,34,1),"0123456789")),MID($L18,34,1),IF(ISNUMBER(FIND(MID($L18,34,1),"ABCDEFGHIJKLMNOPQRSTUVWXYZ")),CODE(MID($L18,34,1))-55,"#"))) | AV18: =_xlfn.CONCAT(N18:AU18) | AW18: =IF(OR(AV18="",M18=FALSE()),"",MOD(VALUE(MID(AV18,1,9)),97)) | AX18: =IF(AW18="","",MOD(VALUE(AW18&MID(AV18,10,7)),97)) | AY18: =IF(AX18="","",MOD(VALUE(AX18&MID(AV18,17,7)),97)) | AZ18: =IF(AY18="","",MOD(VALUE(AY18&MID(AV18,24,7)),97)) | BA18: =IF(AZ18="","",MOD(VALUE(AZ18&MID(AV18,31,7)),97)) | BB18: =IF(BA18="","",MOD(VALUE(BA18&MID(AV18,38,7)),97)) | BC18: =IF(BB18="","",MOD(VALUE(BB18&MID(AV18,45,7)),97)) | BD18: =IF(BC18="","",MOD(VALUE(BC18&MID(AV18,52,7)),97)) | BE18: =IF(BD18="","",MOD(VALUE(BD18&MID(AV18,59,7)),97)) | BF18: =IF(BE18="","",MOD(VALUE(BE18&MID(AV18,66,7)),97))
B19: =UPPER(SUBSTITUTE(SUBSTITUTE(SUBSTITUTE(TRIM(A19)," ",""),"-",""),CHAR(160),"")) | C19: =IF(B19="","",LEN(B19)) | D19: =IF(B19="","",LEFT(B19,2)) | E19: =IF(B19="","",MID(B19,3,2)) | F19: =IF(B19="","",MID(B19,5,2)) | G19: =IF(B19="","",IFERROR(INDEX('رموز البنوك'!$C$5:$C$30,MATCH(F19,'رموز البنوك'!$B$5:$B$30,0)),"رمز غير معروف")) | H19: =BF19 | I19: =IF(OR(H19="",NOT(AND(ISNUMBER(FIND(MID(B19,3,1),"0123456789")),ISNUMBER(FIND(MID(B19,4,1),"0123456789"))))),"",TEXT(98-MOD(H19-VALUE(E19),97),"00")) | J19: =IF(B19="","",IF(LEFT(K19,10)="آيبان صحيح","صحيح ✓","غير صحيح ✗")) | K19: =IF(B19="","",IF(M19=FALSE(),"يحتوي رموزاً غير مسموحة (المسموح A–Z و 0–9 فقط)",IF(D19<>"SA","رمز الدولة "&D19&" — هذا المدقق للآيبان السعودي SA",IF(C19<>24,"الطول "&C19&" خانة والمطلوب 24",IF(NOT(AND(ISNUMBER(FIND(MID(B19,3,1),"0123456789")),ISNUMBER(FIND(MID(B19,4,1),"0123456789")))),"خانتا التدقيق يجب أن تكونا رقمين",IF(ISERROR(VALUE(MID(B19,5,20))),"رمز البنك ورقم الحساب يجب أن يكونا أرقاماً",IF(H19<>1,"فشل اختبار MOD-97 (الباقي "&H19&" وليس 1) — خطأ في كتابة الرقم؛ خانتا التدقيق الصحيحتان لهذا الحساب "&I19,IF(G19="رمز غير معروف","اجتاز MOD-97 لكن رمز البنك "&F19&" غير مسجل في جدول البنوك","آيبان صحيح — "&G19)))))))) | L19: =IF(B19="","",MID(B19,5,40)&LEFT(B19,4)) | M19: =IF(L19="","",NOT(ISNUMBER(FIND("#",AV19)))) | N19: =IF(LEN($L19)<1,"",IF(ISNUMBER(FIND(MID($L19,1,1),"0123456789")),MID($L19,1,1),IF(ISNUMBER(FIND(MID($L19,1,1),"ABCDEFGHIJKLMNOPQRSTUVWXYZ")),CODE(MID($L19,1,1))-55,"#"))) | O19: =IF(LEN($L19)<2,"",IF(ISNUMBER(FIND(MID($L19,2,1),"0123456789")),MID($L19,2,1),IF(ISNUMBER(FIND(MID($L19,2,1),"ABCDEFGHIJKLMNOPQRSTUVWXYZ")),CODE(MID($L19,2,1))-55,"#"))) | P19: =IF(LEN($L19)<3,"",IF(ISNUMBER(FIND(MID($L19,3,1),"0123456789")),MID($L19,3,1),IF(ISNUMBER(FIND(MID($L19,3,1),"ABCDEFGHIJKLMNOPQRSTUVWXYZ")),CODE(MID($L19,3,1))-55,"#"))) | Q19: =IF(LEN($L19)<4,"",IF(ISNUMBER(FIND(MID($L19,4,1),"0123456789")),MID($L19,4,1),IF(ISNUMBER(FIND(MID($L19,4,1),"ABCDEFGHIJKLMNOPQRSTUVWXYZ")),CODE(MID($L19,4,1))-55,"#"))) | R19: =IF(LEN($L19)<5,"",IF(ISNUMBER(FIND(MID($L19,5,1),"0123456789")),MID($L19,5,1),IF(ISNUMBER(FIND(MID($L19,5,1),"ABCDEFGHIJKLMNOPQRSTUVWXYZ")),CODE(MID($L19,5,1))-55,"#"))) | S19: =IF(LEN($L19)<6,"",IF(ISNUMBER(FIND(MID($L19,6,1),"0123456789")),MID($L19,6,1),IF(ISNUMBER(FIND(MID($L19,6,1),"ABCDEFGHIJKLMNOPQRSTUVWXYZ")),CODE(MID($L19,6,1))-55,"#"))) | T19: =IF(LEN($L19)<7,"",IF(ISNUMBER(FIND(MID($L19,7,1),"0123456789")),MID($L19,7,1),IF(ISNUMBER(FIND(MID($L19,7,1),"ABCDEFGHIJKLMNOPQRSTUVWXYZ")),CODE(MID($L19,7,1))-55,"#"))) | U19: =IF(LEN($L19)<8,"",IF(ISNUMBER(FIND(MID($L19,8,1),"0123456789")),MID($L19,8,1),IF(ISNUMBER(FIND(MID($L19,8,1),"ABCDEFGHIJKLMNOPQRSTUVWXYZ")),CODE(MID($L19,8,1))-55,"#"))) | V19: =IF(LEN($L19)<9,"",IF(ISNUMBER(FIND(MID($L19,9,1),"0123456789")),MID($L19,9,1),IF(ISNUMBER(FIND(MID($L19,9,1),"ABCDEFGHIJKLMNOPQRSTUVWXYZ")),CODE(MID($L19,9,1))-55,"#"))) | W19: =IF(LEN($L19)<10,"",IF(ISNUMBER(FIND(MID($L19,10,1),"0123456789")),MID($L19,10,1),IF(ISNUMBER(FIND(MID($L19,10,1),"ABCDEFGHIJKLMNOPQRSTUVWXYZ")),CODE(MID($L19,10,1))-55,"#"))) | X19: =IF(LEN($L19)<11,"",IF(ISNUMBER(FIND(MID($L19,11,1),"0123456789")),MID($L19,11,1),IF(ISNUMBER(FIND(MID($L19,11,1),"ABCDEFGHIJKLMNOPQRSTUVWXYZ")),CODE(MID($L19,11,1))-55,"#"))) | Y19: =IF(LEN($L19)<12,"",IF(ISNUMBER(FIND(MID($L19,12,1),"0123456789")),MID($L19,12,1),IF(ISNUMBER(FIND(MID($L19,12,1),"ABCDEFGHIJKLMNOPQRSTUVWXYZ")),CODE(MID($L19,12,1))-55,"#"))) | Z19: =IF(LEN($L19)<13,"",IF(ISNUMBER(FIND(MID($L19,13,1),"0123456789")),MID($L19,13,1),IF(ISNUMBER(FIND(MID($L19,13,1),"ABCDEFGHIJKLMNOPQRSTUVWXYZ")),CODE(MID($L19,13,1))-55,"#"))) | AA19: =IF(LEN($L19)<14,"",IF(ISNUMBER(FIND(MID($L19,14,1),"0123456789")),MID($L19,14,1),IF(ISNUMBER(FIND(MID($L19,14,1),"ABCDEFGHIJKLMNOPQRSTUVWXYZ")),CODE(MID($L19,14,1))-55,"#"))) | AB19: =IF(LEN($L19)<15,"",IF(ISNUMBER(FIND(MID($L19,15,1),"0123456789")),MID($L19,15,1),IF(ISNUMBER(FIND(MID($L19,15,1),"ABCDEFGHIJKLMNOPQRSTUVWXYZ")),CODE(MID($L19,15,1))-55,"#"))) | AC19: =IF(LEN($L19)<16,"",IF(ISNUMBER(FIND(MID($L19,16,1),"0123456789")),MID($L19,16,1),IF(ISNUMBER(FIND(MID($L19,16,1),"ABCDEFGHIJKLMNOPQRSTUVWXYZ")),CODE(MID($L19,16,1))-55,"#"))) | AD19: =IF(LEN($L19)<17,"",IF(ISNUMBER(FIND(MID($L19,17,1),"0123456789")),MID($L19,17,1),IF(ISNUMBER(FIND(MID($L19,17,1),"ABCDEFGHIJKLMNOPQRSTUVWXYZ")),CODE(MID($L19,17,1))-55,"#"))) | AE19: =IF(LEN($L19)<18,"",IF(ISNUMBER(FIND(MID($L19,18,1),"0123456789")),MID($L19,18,1),IF(ISNUMBER(FIND(MID($L19,18,1),"ABCDEFGHIJKLMNOPQRSTUVWXYZ")),CODE(MID($L19,18,1))-55,"#"))) | AF19: =IF(LEN($L19)<19,"",IF(ISNUMBER(FIND(MID($L19,19,1),"0123456789")),MID($L19,19,1),IF(ISNUMBER(FIND(MID($L19,19,1),"ABCDEFGHIJKLMNOPQRSTUVWXYZ")),CODE(MID($L19,19,1))-55,"#"))) | AG19: =IF(LEN($L19)<20,"",IF(ISNUMBER(FIND(MID($L19,20,1),"0123456789")),MID($L19,20,1),IF(ISNUMBER(FIND(MID($L19,20,1),"ABCDEFGHIJKLMNOPQRSTUVWXYZ")),CODE(MID($L19,20,1))-55,"#"))) | AH19: =IF(LEN($L19)<21,"",IF(ISNUMBER(FIND(MID($L19,21,1),"0123456789")),MID($L19,21,1),IF(ISNUMBER(FIND(MID($L19,21,1),"ABCDEFGHIJKLMNOPQRSTUVWXYZ")),CODE(MID($L19,21,1))-55,"#"))) | AI19: =IF(LEN($L19)<22,"",IF(ISNUMBER(FIND(MID($L19,22,1),"0123456789")),MID($L19,22,1),IF(ISNUMBER(FIND(MID($L19,22,1),"ABCDEFGHIJKLMNOPQRSTUVWXYZ")),CODE(MID($L19,22,1))-55,"#"))) | AJ19: =IF(LEN($L19)<23,"",IF(ISNUMBER(FIND(MID($L19,23,1),"0123456789")),MID($L19,23,1),IF(ISNUMBER(FIND(MID($L19,23,1),"ABCDEFGHIJKLMNOPQRSTUVWXYZ")),CODE(MID($L19,23,1))-55,"#"))) | AK19: =IF(LEN($L19)<24,"",IF(ISNUMBER(FIND(MID($L19,24,1),"0123456789")),MID($L19,24,1),IF(ISNUMBER(FIND(MID($L19,24,1),"ABCDEFGHIJKLMNOPQRSTUVWXYZ")),CODE(MID($L19,24,1))-55,"#"))) | AL19: =IF(LEN($L19)<25,"",IF(ISNUMBER(FIND(MID($L19,25,1),"0123456789")),MID($L19,25,1),IF(ISNUMBER(FIND(MID($L19,25,1),"ABCDEFGHIJKLMNOPQRSTUVWXYZ")),CODE(MID($L19,25,1))-55,"#"))) | AM19: =IF(LEN($L19)<26,"",IF(ISNUMBER(FIND(MID($L19,26,1),"0123456789")),MID($L19,26,1),IF(ISNUMBER(FIND(MID($L19,26,1),"ABCDEFGHIJKLMNOPQRSTUVWXYZ")),CODE(MID($L19,26,1))-55,"#"))) | AN19: =IF(LEN($L19)<27,"",IF(ISNUMBER(FIND(MID($L19,27,1),"0123456789")),MID($L19,27,1),IF(ISNUMBER(FIND(MID($L19,27,1),"ABCDEFGHIJKLMNOPQRSTUVWXYZ")),CODE(MID($L19,27,1))-55,"#"))) | AO19: =IF(LEN($L19)<28,"",IF(ISNUMBER(FIND(MID($L19,28,1),"0123456789")),MID($L19,28,1),IF(ISNUMBER(FIND(MID($L19,28,1),"ABCDEFGHIJKLMNOPQRSTUVWXYZ")),CODE(MID($L19,28,1))-55,"#"))) | AP19: =IF(LEN($L19)<29,"",IF(ISNUMBER(FIND(MID($L19,29,1),"0123456789")),MID($L19,29,1),IF(ISNUMBER(FIND(MID($L19,29,1),"ABCDEFGHIJKLMNOPQRSTUVWXYZ")),CODE(MID($L19,29,1))-55,"#"))) | AQ19: =IF(LEN($L19)<30,"",IF(ISNUMBER(FIND(MID($L19,30,1),"0123456789")),MID($L19,30,1),IF(ISNUMBER(FIND(MID($L19,30,1),"ABCDEFGHIJKLMNOPQRSTUVWXYZ")),CODE(MID($L19,30,1))-55,"#"))) | AR19: =IF(LEN($L19)<31,"",IF(ISNUMBER(FIND(MID($L19,31,1),"0123456789")),MID($L19,31,1),IF(ISNUMBER(FIND(MID($L19,31,1),"ABCDEFGHIJKLMNOPQRSTUVWXYZ")),CODE(MID($L19,31,1))-55,"#"))) | AS19: =IF(LEN($L19)<32,"",IF(ISNUMBER(FIND(MID($L19,32,1),"0123456789")),MID($L19,32,1),IF(ISNUMBER(FIND(MID($L19,32,1),"ABCDEFGHIJKLMNOPQRSTUVWXYZ")),CODE(MID($L19,32,1))-55,"#"))) | AT19: =IF(LEN($L19)<33,"",IF(ISNUMBER(FIND(MID($L19,33,1),"0123456789")),MID($L19,33,1),IF(ISNUMBER(FIND(MID($L19,33,1),"ABCDEFGHIJKLMNOPQRSTUVWXYZ")),CODE(MID($L19,33,1))-55,"#"))) | AU19: =IF(LEN($L19)<34,"",IF(ISNUMBER(FIND(MID($L19,34,1),"0123456789")),MID($L19,34,1),IF(ISNUMBER(FIND(MID($L19,34,1),"ABCDEFGHIJKLMNOPQRSTUVWXYZ")),CODE(MID($L19,34,1))-55,"#"))) | AV19: =_xlfn.CONCAT(N19:AU19) | AW19: =IF(OR(AV19="",M19=FALSE()),"",MOD(VALUE(MID(AV19,1,9)),97)) | AX19: =IF(AW19="","",MOD(VALUE(AW19&MID(AV19,10,7)),97)) | AY19: =IF(AX19="","",MOD(VALUE(AX19&MID(AV19,17,7)),97)) | AZ19: =IF(AY19="","",MOD(VALUE(AY19&MID(AV19,24,7)),97)) | BA19: =IF(AZ19="","",MOD(VALUE(AZ19&MID(AV19,31,7)),97)) | BB19: =IF(BA19="","",MOD(VALUE(BA19&MID(AV19,38,7)),97)) | BC19: =IF(BB19="","",MOD(VALUE(BB19&MID(AV19,45,7)),97)) | BD19: =IF(BC19="","",MOD(VALUE(BC19&MID(AV19,52,7)),97)) | BE19: =IF(BD19="","",MOD(VALUE(BD19&MID(AV19,59,7)),97)) | BF19: =IF(BE19="","",MOD(VALUE(BE19&MID(AV19,66,7)),97))
B20: =UPPER(SUBSTITUTE(SUBSTITUTE(SUBSTITUTE(TRIM(A20)," ",""),"-",""),CHAR(160),"")) | C20: =IF(B20="","",LEN(B20)) | D20: =IF(B20="","",LEFT(B20,2)) | E20: =IF(B20="","",MID(B20,3,2)) | F20: =IF(B20="","",MID(B20,5,2)) | G20: =IF(B20="","",IFERROR(INDEX('رموز البنوك'!$C$5:$C$30,MATCH(F20,'رموز البنوك'!$B$5:$B$30,0)),"رمز غير معروف")) | H20: =BF20 | I20: =IF(OR(H20="",NOT(AND(ISNUMBER(FIND(MID(B20,3,1),"0123456789")),ISNUMBER(FIND(MID(B20,4,1),"0123456789"))))),"",TEXT(98-MOD(H20-VALUE(E20),97),"00")) | J20: =IF(B20="","",IF(LEFT(K20,10)="آيبان صحيح","صحيح ✓","غير صحيح ✗")) | K20: =IF(B20="","",IF(M20=FALSE(),"يحتوي رموزاً غير مسموحة (المسموح A–Z و 0–9 فقط)",IF(D20<>"SA","رمز الدولة "&D20&" — هذا المدقق للآيبان السعودي SA",IF(C20<>24,"الطول "&C20&" خانة والمطلوب 24",IF(NOT(AND(ISNUMBER(FIND(MID(B20,3,1),"0123456789")),ISNUMBER(FIND(MID(B20,4,1),"0123456789")))),"خانتا التدقيق يجب أن تكونا رقمين",IF(ISERROR(VALUE(MID(B20,5,20))),"رمز البنك ورقم الحساب يجب أن يكونا أرقاماً",IF(H20<>1,"فشل اختبار MOD-97 (الباقي "&H20&" وليس 1) — خطأ في كتابة الرقم؛ خانتا التدقيق الصحيحتان لهذا الحساب "&I20,IF(G20="رمز غير معروف","اجتاز MOD-97 لكن رمز البنك "&F20&" غير مسجل في جدول البنوك","آيبان صحيح — "&G20)))))))) | L20: =IF(B20="","",MID(B20,5,40)&LEFT(B20,4)) | M20: =IF(L20="","",NOT(ISNUMBER(FIND("#",AV20)))) | N20: =IF(LEN($L20)<1,"",IF(ISNUMBER(FIND(MID($L20,1,1),"0123456789")),MID($L20,1,1),IF(ISNUMBER(FIND(MID($L20,1,1),"ABCDEFGHIJKLMNOPQRSTUVWXYZ")),CODE(MID($L20,1,1))-55,"#"))) | O20: =IF(LEN($L20)<2,"",IF(ISNUMBER(FIND(MID($L20,2,1),"0123456789")),MID($L20,2,1),IF(ISNUMBER(FIND(MID($L20,2,1),"ABCDEFGHIJKLMNOPQRSTUVWXYZ")),CODE(MID($L20,2,1))-55,"#"))) | P20: =IF(LEN($L20)<3,"",IF(ISNUMBER(FIND(MID($L20,3,1),"0123456789")),MID($L20,3,1),IF(ISNUMBER(FIND(MID($L20,3,1),"ABCDEFGHIJKLMNOPQRSTUVWXYZ")),CODE(MID($L20,3,1))-55,"#"))) | Q20: =IF(LEN($L20)<4,"",IF(ISNUMBER(FIND(MID($L20,4,1),"0123456789")),MID($L20,4,1),IF(ISNUMBER(FIND(MID($L20,4,1),"ABCDEFGHIJKLMNOPQRSTUVWXYZ")),CODE(MID($L20,4,1))-55,"#"))) | R20: =IF(LEN($L20)<5,"",IF(ISNUMBER(FIND(MID($L20,5,1),"0123456789")),MID($L20,5,1),IF(ISNUMBER(FIND(MID($L20,5,1),"ABCDEFGHIJKLMNOPQRSTUVWXYZ")),CODE(MID($L20,5,1))-55,"#"))) | S20: =IF(LEN($L20)<6,"",IF(ISNUMBER(FIND(MID($L20,6,1),"0123456789")),MID($L20,6,1),IF(ISNUMBER(FIND(MID($L20,6,1),"ABCDEFGHIJKLMNOPQRSTUVWXYZ")),CODE(MID($L20,6,1))-55,"#"))) | T20: =IF(LEN($L20)<7,"",IF(ISNUMBER(FIND(MID($L20,7,1),"0123456789")),MID($L20,7,1),IF(ISNUMBER(FIND(MID($L20,7,1),"ABCDEFGHIJKLMNOPQRSTUVWXYZ")),CODE(MID($L20,7,1))-55,"#"))) | U20: =IF(LEN($L20)<8,"",IF(ISNUMBER(FIND(MID($L20,8,1),"0123456789")),MID($L20,8,1),IF(ISNUMBER(FIND(MID($L20,8,1),"ABCDEFGHIJKLMNOPQRSTUVWXYZ")),CODE(MID($L20,8,1))-55,"#"))) | V20: =IF(LEN($L20)<9,"",IF(ISNUMBER(FIND(MID($L20,9,1),"0123456789")),MID($L20,9,1),IF(ISNUMBER(FIND(MID($L20,9,1),"ABCDEFGHIJKLMNOPQRSTUVWXYZ")),CODE(MID($L20,9,1))-55,"#"))) | W20: =IF(LEN($L20)<10,"",IF(ISNUMBER(FIND(MID($L20,10,1),"0123456789")),MID($L20,10,1),IF(ISNUMBER(FIND(MID($L20,10,1),"ABCDEFGHIJKLMNOPQRSTUVWXYZ")),CODE(MID($L20,10,1))-55,"#"))) | X20: =IF(LEN($L20)<11,"",IF(ISNUMBER(FIND(MID($L20,11,1),"0123456789")),MID($L20,11,1),IF(ISNUMBER(FIND(MID($L20,11,1),"ABCDEFGHIJKLMNOPQRSTUVWXYZ")),CODE(MID($L20,11,1))-55,"#"))) | Y20: =IF(LEN($L20)<12,"",IF(ISNUMBER(FIND(MID($L20,12,1),"0123456789")),MID($L20,12,1),IF(ISNUMBER(FIND(MID($L20,12,1),"ABCDEFGHIJKLMNOPQRSTUVWXYZ")),CODE(MID($L20,12,1))-55,"#"))) | Z20: =IF(LEN($L20)<13,"",IF(ISNUMBER(FIND(MID($L20,13,1),"0123456789")),MID($L20,13,1),IF(ISNUMBER(FIND(MID($L20,13,1),"ABCDEFGHIJKLMNOPQRSTUVWXYZ")),CODE(MID($L20,13,1))-55,"#"))) | AA20: =IF(LEN($L20)<14,"",IF(ISNUMBER(FIND(MID($L20,14,1),"0123456789")),MID($L20,14,1),IF(ISNUMBER(FIND(MID($L20,14,1),"ABCDEFGHIJKLMNOPQRSTUVWXYZ")),CODE(MID($L20,14,1))-55,"#"))) | AB20: =IF(LEN($L20)<15,"",IF(ISNUMBER(FIND(MID($L20,15,1),"0123456789")),MID($L20,15,1),IF(ISNUMBER(FIND(MID($L20,15,1),"ABCDEFGHIJKLMNOPQRSTUVWXYZ")),CODE(MID($L20,15,1))-55,"#"))) | AC20: =IF(LEN($L20)<16,"",IF(ISNUMBER(FIND(MID($L20,16,1),"0123456789")),MID($L20,16,1),IF(ISNUMBER(FIND(MID($L20,16,1),"ABCDEFGHIJKLMNOPQRSTUVWXYZ")),CODE(MID($L20,16,1))-55,"#"))) | AD20: =IF(LEN($L20)<17,"",IF(ISNUMBER(FIND(MID($L20,17,1),"0123456789")),MID($L20,17,1),IF(ISNUMBER(FIND(MID($L20,17,1),"ABCDEFGHIJKLMNOPQRSTUVWXYZ")),CODE(MID($L20,17,1))-55,"#"))) | AE20: =IF(LEN($L20)<18,"",IF(ISNUMBER(FIND(MID($L20,18,1),"0123456789")),MID($L20,18,1),IF(ISNUMBER(FIND(MID($L20,18,1),"ABCDEFGHIJKLMNOPQRSTUVWXYZ")),CODE(MID($L20,18,1))-55,"#"))) | AF20: =IF(LEN($L20)<19,"",IF(ISNUMBER(FIND(MID($L20,19,1),"0123456789")),MID($L20,19,1),IF(ISNUMBER(FIND(MID($L20,19,1),"ABCDEFGHIJKLMNOPQRSTUVWXYZ")),CODE(MID($L20,19,1))-55,"#"))) | AG20: =IF(LEN($L20)<20,"",IF(ISNUMBER(FIND(MID($L20,20,1),"0123456789")),MID($L20,20,1),IF(ISNUMBER(FIND(MID($L20,20,1),"ABCDEFGHIJKLMNOPQRSTUVWXYZ")),CODE(MID($L20,20,1))-55,"#"))) | AH20: =IF(LEN($L20)<21,"",IF(ISNUMBER(FIND(MID($L20,21,1),"0123456789")),MID($L20,21,1),IF(ISNUMBER(FIND(MID($L20,21,1),"ABCDEFGHIJKLMNOPQRSTUVWXYZ")),CODE(MID($L20,21,1))-55,"#"))) | AI20: =IF(LEN($L20)<22,"",IF(ISNUMBER(FIND(MID($L20,22,1),"0123456789")),MID($L20,22,1),IF(ISNUMBER(FIND(MID($L20,22,1),"ABCDEFGHIJKLMNOPQRSTUVWXYZ")),CODE(MID($L20,22,1))-55,"#"))) | AJ20: =IF(LEN($L20)<23,"",IF(ISNUMBER(FIND(MID($L20,23,1),"0123456789")),MID($L20,23,1),IF(ISNUMBER(FIND(MID($L20,23,1),"ABCDEFGHIJKLMNOPQRSTUVWXYZ")),CODE(MID($L20,23,1))-55,"#"))) | AK20: =IF(LEN($L20)<24,"",IF(ISNUMBER(FIND(MID($L20,24,1),"0123456789")),MID($L20,24,1),IF(ISNUMBER(FIND(MID($L20,24,1),"ABCDEFGHIJKLMNOPQRSTUVWXYZ")),CODE(MID($L20,24,1))-55,"#"))) | AL20: =IF(LEN($L20)<25,"",IF(ISNUMBER(FIND(MID($L20,25,1),"0123456789")),MID($L20,25,1),IF(ISNUMBER(FIND(MID($L20,25,1),"ABCDEFGHIJKLMNOPQRSTUVWXYZ")),CODE(MID($L20,25,1))-55,"#"))) | AM20: =IF(LEN($L20)<26,"",IF(ISNUMBER(FIND(MID($L20,26,1),"0123456789")),MID($L20,26,1),IF(ISNUMBER(FIND(MID($L20,26,1),"ABCDEFGHIJKLMNOPQRSTUVWXYZ")),CODE(MID($L20,26,1))-55,"#"))) | AN20: =IF(LEN($L20)<27,"",IF(ISNUMBER(FIND(MID($L20,27,1),"0123456789")),MID($L20,27,1),IF(ISNUMBER(FIND(MID($L20,27,1),"ABCDEFGHIJKLMNOPQRSTUVWXYZ")),CODE(MID($L20,27,1))-55,"#"))) | AO20: =IF(LEN($L20)<28,"",IF(ISNUMBER(FIND(MID($L20,28,1),"0123456789")),MID($L20,28,1),IF(ISNUMBER(FIND(MID($L20,28,1),"ABCDEFGHIJKLMNOPQRSTUVWXYZ")),CODE(MID($L20,28,1))-55,"#"))) | AP20: =IF(LEN($L20)<29,"",IF(ISNUMBER(FIND(MID($L20,29,1),"0123456789")),MID($L20,29,1),IF(ISNUMBER(FIND(MID($L20,29,1),"ABCDEFGHIJKLMNOPQRSTUVWXYZ")),CODE(MID($L20,29,1))-55,"#"))) | AQ20: =IF(LEN($L20)<30,"",IF(ISNUMBER(FIND(MID($L20,30,1),"0123456789")),MID($L20,30,1),IF(ISNUMBER(FIND(MID($L20,30,1),"ABCDEFGHIJKLMNOPQRSTUVWXYZ")),CODE(MID($L20,30,1))-55,"#"))) | AR20: =IF(LEN($L20)<31,"",IF(ISNUMBER(FIND(MID($L20,31,1),"0123456789")),MID($L20,31,1),IF(ISNUMBER(FIND(MID($L20,31,1),"ABCDEFGHIJKLMNOPQRSTUVWXYZ")),CODE(MID($L20,31,1))-55,"#"))) | AS20: =IF(LEN($L20)<32,"",IF(ISNUMBER(FIND(MID($L20,32,1),"0123456789")),MID($L20,32,1),IF(ISNUMBER(FIND(MID($L20,32,1),"ABCDEFGHIJKLMNOPQRSTUVWXYZ")),CODE(MID($L20,32,1))-55,"#"))) | AT20: =IF(LEN($L20)<33,"",IF(ISNUMBER(FIND(MID($L20,33,1),"0123456789")),MID($L20,33,1),IF(ISNUMBER(FIND(MID($L20,33,1),"ABCDEFGHIJKLMNOPQRSTUVWXYZ")),CODE(MID($L20,33,1))-55,"#"))) | AU20: =IF(LEN($L20)<34,"",IF(ISNUMBER(FIND(MID($L20,34,1),"0123456789")),MID($L20,34,1),IF(ISNUMBER(FIND(MID($L20,34,1),"ABCDEFGHIJKLMNOPQRSTUVWXYZ")),CODE(MID($L20,34,1))-55,"#"))) | AV20: =_xlfn.CONCAT(N20:AU20) | AW20: =IF(OR(AV20="",M20=FALSE()),"",MOD(VALUE(MID(AV20,1,9)),97)) | AX20: =IF(AW20="","",MOD(VALUE(AW20&MID(AV20,10,7)),97)) | AY20: =IF(AX20="","",MOD(VALUE(AX20&MID(AV20,17,7)),97)) | AZ20: =IF(AY20="","",MOD(VALUE(AY20&MID(AV20,24,7)),97)) | BA20: =IF(AZ20="","",MOD(VALUE(AZ20&MID(AV20,31,7)),97)) | BB20: =IF(BA20="","",MOD(VALUE(BA20&MID(AV20,38,7)),97)) | BC20: =IF(BB20="","",MOD(VALUE(BB20&MID(AV20,45,7)),97)) | BD20: =IF(BC20="","",MOD(VALUE(BC20&MID(AV20,52,7)),97)) | BE20: =IF(BD20="","",MOD(VALUE(BD20&MID(AV20,59,7)),97)) | BF20: =IF(BE20="","",MOD(VALUE(BE20&MID(AV20,66,7)),97))
B21: =UPPER(SUBSTITUTE(SUBSTITUTE(SUBSTITUTE(TRIM(A21)," ",""),"-",""),CHAR(160),"")) | C21: =IF(B21="","",LEN(B21)) | D21: =IF(B21="","",LEFT(B21,2)) | E21: =IF(B21="","",MID(B21,3,2)) | F21: =IF(B21="","",MID(B21,5,2)) | G21: =IF(B21="","",IFERROR(INDEX('رموز البنوك'!$C$5:$C$30,MATCH(F21,'رموز البنوك'!$B$5:$B$30,0)),"رمز غير معروف")) | H21: =BF21 | I21: =IF(OR(H21="",NOT(AND(ISNUMBER(FIND(MID(B21,3,1),"0123456789")),ISNUMBER(FIND(MID(B21,4,1),"0123456789"))))),"",TEXT(98-MOD(H21-VALUE(E21),97),"00")) | J21: =IF(B21="","",IF(LEFT(K21,10)="آيبان صحيح","صحيح ✓","غير صحيح ✗")) | K21: =IF(B21="","",IF(M21=FALSE(),"يحتوي رموزاً غير مسموحة (المسموح A–Z و 0–9 فقط)",IF(D21<>"SA","رمز الدولة "&D21&" — هذا المدقق للآيبان السعودي SA",IF(C21<>24,"الطول "&C21&" خانة والمطلوب 24",IF(NOT(AND(ISNUMBER(FIND(MID(B21,3,1),"0123456789")),ISNUMBER(FIND(MID(B21,4,1),"0123456789")))),"خانتا التدقيق يجب أن تكونا رقمين",IF(ISERROR(VALUE(MID(B21,5,20))),"رمز البنك ورقم الحساب يجب أن يكونا أرقاماً",IF(H21<>1,"فشل اختبار MOD-97 (الباقي "&H21&" وليس 1) — خطأ في كتابة الرقم؛ خانتا التدقيق الصحيحتان لهذا الحساب "&I21,IF(G21="رمز غير معروف","اجتاز MOD-97 لكن رمز البنك "&F21&" غير مسجل في جدول البنوك","آيبان صحيح — "&G21)))))))) | L21: =IF(B21="","",MID(B21,5,40)&LEFT(B21,4)) | M21: =IF(L21="","",NOT(ISNUMBER(FIND("#",AV21)))) | N21: =IF(LEN($L21)<1,"",IF(ISNUMBER(FIND(MID($L21,1,1),"0123456789")),MID($L21,1,1),IF(ISNUMBER(FIND(MID($L21,1,1),"ABCDEFGHIJKLMNOPQRSTUVWXYZ")),CODE(MID($L21,1,1))-55,"#"))) | O21: =IF(LEN($L21)<2,"",IF(ISNUMBER(FIND(MID($L21,2,1),"0123456789")),MID($L21,2,1),IF(ISNUMBER(FIND(MID($L21,2,1),"ABCDEFGHIJKLMNOPQRSTUVWXYZ")),CODE(MID($L21,2,1))-55,"#"))) | P21: =IF(LEN($L21)<3,"",IF(ISNUMBER(FIND(MID($L21,3,1),"0123456789")),MID($L21,3,1),IF(ISNUMBER(FIND(MID($L21,3,1),"ABCDEFGHIJKLMNOPQRSTUVWXYZ")),CODE(MID($L21,3,1))-55,"#"))) | Q21: =IF(LEN($L21)<4,"",IF(ISNUMBER(FIND(MID($L21,4,1),"0123456789")),MID($L21,4,1),IF(ISNUMBER(FIND(MID($L21,4,1),"ABCDEFGHIJKLMNOPQRSTUVWXYZ")),CODE(MID($L21,4,1))-55,"#"))) | R21: =IF(LEN($L21)<5,"",IF(ISNUMBER(FIND(MID($L21,5,1),"0123456789")),MID($L21,5,1),IF(ISNUMBER(FIND(MID($L21,5,1),"ABCDEFGHIJKLMNOPQRSTUVWXYZ")),CODE(MID($L21,5,1))-55,"#"))) | S21: =IF(LEN($L21)<6,"",IF(ISNUMBER(FIND(MID($L21,6,1),"0123456789")),MID($L21,6,1),IF(ISNUMBER(FIND(MID($L21,6,1),"ABCDEFGHIJKLMNOPQRSTUVWXYZ")),CODE(MID($L21,6,1))-55,"#"))) | T21: =IF(LEN($L21)<7,"",IF(ISNUMBER(FIND(MID($L21,7,1),"0123456789")),MID($L21,7,1),IF(ISNUMBER(FIND(MID($L21,7,1),"ABCDEFGHIJKLMNOPQRSTUVWXYZ")),CODE(MID($L21,7,1))-55,"#"))) | U21: =IF(LEN($L21)<8,"",IF(ISNUMBER(FIND(MID($L21,8,1),"0123456789")),MID($L21,8,1),IF(ISNUMBER(FIND(MID($L21,8,1),"ABCDEFGHIJKLMNOPQRSTUVWXYZ")),CODE(MID($L21,8,1))-55,"#"))) | V21: =IF(LEN($L21)<9,"",IF(ISNUMBER(FIND(MID($L21,9,1),"0123456789")),MID($L21,9,1),IF(ISNUMBER(FIND(MID($L21,9,1),"ABCDEFGHIJKLMNOPQRSTUVWXYZ")),CODE(MID($L21,9,1))-55,"#"))) | W21: =IF(LEN($L21)<10,"",IF(ISNUMBER(FIND(MID($L21,10,1),"0123456789")),MID($L21,10,1),IF(ISNUMBER(FIND(MID($L21,10,1),"ABCDEFGHIJKLMNOPQRSTUVWXYZ")),CODE(MID($L21,10,1))-55,"#"))) | X21: =IF(LEN($L21)<11,"",IF(ISNUMBER(FIND(MID($L21,11,1),"0123456789")),MID($L21,11,1),IF(ISNUMBER(FIND(MID($L21,11,1),"ABCDEFGHIJKLMNOPQRSTUVWXYZ")),CODE(MID($L21,11,1))-55,"#"))) | Y21: =IF(LEN($L21)<12,"",IF(ISNUMBER(FIND(MID($L21,12,1),"0123456789")),MID($L21,12,1),IF(ISNUMBER(FIND(MID($L21,12,1),"ABCDEFGHIJKLMNOPQRSTUVWXYZ")),CODE(MID($L21,12,1))-55,"#"))) | Z21: =IF(LEN($L21)<13,"",IF(ISNUMBER(FIND(MID($L21,13,1),"0123456789")),MID($L21,13,1),IF(ISNUMBER(FIND(MID($L21,13,1),"ABCDEFGHIJKLMNOPQRSTUVWXYZ")),CODE(MID($L21,13,1))-55,"#"))) | AA21: =IF(LEN($L21)<14,"",IF(ISNUMBER(FIND(MID($L21,14,1),"0123456789")),MID($L21,14,1),IF(ISNUMBER(FIND(MID($L21,14,1),"ABCDEFGHIJKLMNOPQRSTUVWXYZ")),CODE(MID($L21,14,1))-55,"#"))) | AB21: =IF(LEN($L21)<15,"",IF(ISNUMBER(FIND(MID($L21,15,1),"0123456789")),MID($L21,15,1),IF(ISNUMBER(FIND(MID($L21,15,1),"ABCDEFGHIJKLMNOPQRSTUVWXYZ")),CODE(MID($L21,15,1))-55,"#"))) | AC21: =IF(LEN($L21)<16,"",IF(ISNUMBER(FIND(MID($L21,16,1),"0123456789")),MID($L21,16,1),IF(ISNUMBER(FIND(MID($L21,16,1),"ABCDEFGHIJKLMNOPQRSTUVWXYZ")),CODE(MID($L21,16,1))-55,"#"))) | AD21: =IF(LEN($L21)<17,"",IF(ISNUMBER(FIND(MID($L21,17,1),"0123456789")),MID($L21,17,1),IF(ISNUMBER(FIND(MID($L21,17,1),"ABCDEFGHIJKLMNOPQRSTUVWXYZ")),CODE(MID($L21,17,1))-55,"#"))) | AE21: =IF(LEN($L21)<18,"",IF(ISNUMBER(FIND(MID($L21,18,1),"0123456789")),MID($L21,18,1),IF(ISNUMBER(FIND(MID($L21,18,1),"ABCDEFGHIJKLMNOPQRSTUVWXYZ")),CODE(MID($L21,18,1))-55,"#"))) | AF21: =IF(LEN($L21)<19,"",IF(ISNUMBER(FIND(MID($L21,19,1),"0123456789")),MID($L21,19,1),IF(ISNUMBER(FIND(MID($L21,19,1),"ABCDEFGHIJKLMNOPQRSTUVWXYZ")),CODE(MID($L21,19,1))-55,"#"))) | AG21: =IF(LEN($L21)<20,"",IF(ISNUMBER(FIND(MID($L21,20,1),"0123456789")),MID($L21,20,1),IF(ISNUMBER(FIND(MID($L21,20,1),"ABCDEFGHIJKLMNOPQRSTUVWXYZ")),CODE(MID($L21,20,1))-55,"#"))) | AH21: =IF(LEN($L21)<21,"",IF(ISNUMBER(FIND(MID($L21,21,1),"0123456789")),MID($L21,21,1),IF(ISNUMBER(FIND(MID($L21,21,1),"ABCDEFGHIJKLMNOPQRSTUVWXYZ")),CODE(MID($L21,21,1))-55,"#"))) | AI21: =IF(LEN($L21)<22,"",IF(ISNUMBER(FIND(MID($L21,22,1),"0123456789")),MID($L21,22,1),IF(ISNUMBER(FIND(MID($L21,22,1),"ABCDEFGHIJKLMNOPQRSTUVWXYZ")),CODE(MID($L21,22,1))-55,"#"))) | AJ21: =IF(LEN($L21)<23,"",IF(ISNUMBER(FIND(MID($L21,23,1),"0123456789")),MID($L21,23,1),IF(ISNUMBER(FIND(MID($L21,23,1),"ABCDEFGHIJKLMNOPQRSTUVWXYZ")),CODE(MID($L21,23,1))-55,"#"))) | AK21: =IF(LEN($L21)<24,"",IF(ISNUMBER(FIND(MID($L21,24,1),"0123456789")),MID($L21,24,1),IF(ISNUMBER(FIND(MID($L21,24,1),"ABCDEFGHIJKLMNOPQRSTUVWXYZ")),CODE(MID($L21,24,1))-55,"#"))) | AL21: =IF(LEN($L21)<25,"",IF(ISNUMBER(FIND(MID($L21,25,1),"0123456789")),MID($L21,25,1),IF(ISNUMBER(FIND(MID($L21,25,1),"ABCDEFGHIJKLMNOPQRSTUVWXYZ")),CODE(MID($L21,25,1))-55,"#"))) | AM21: =IF(LEN($L21)<26,"",IF(ISNUMBER(FIND(MID($L21,26,1),"0123456789")),MID($L21,26,1),IF(ISNUMBER(FIND(MID($L21,26,1),"ABCDEFGHIJKLMNOPQRSTUVWXYZ")),CODE(MID($L21,26,1))-55,"#"))) | AN21: =IF(LEN($L21)<27,"",IF(ISNUMBER(FIND(MID($L21,27,1),"0123456789")),MID($L21,27,1),IF(ISNUMBER(FIND(MID($L21,27,1),"ABCDEFGHIJKLMNOPQRSTUVWXYZ")),CODE(MID($L21,27,1))-55,"#"))) | AO21: =IF(LEN($L21)<28,"",IF(ISNUMBER(FIND(MID($L21,28,1),"0123456789")),MID($L21,28,1),IF(ISNUMBER(FIND(MID($L21,28,1),"ABCDEFGHIJKLMNOPQRSTUVWXYZ")),CODE(MID($L21,28,1))-55,"#"))) | AP21: =IF(LEN($L21)<29,"",IF(ISNUMBER(FIND(MID($L21,29,1),"0123456789")),MID($L21,29,1),IF(ISNUMBER(FIND(MID($L21,29,1),"ABCDEFGHIJKLMNOPQRSTUVWXYZ")),CODE(MID($L21,29,1))-55,"#"))) | AQ21: =IF(LEN($L21)<30,"",IF(ISNUMBER(FIND(MID($L21,30,1),"0123456789")),MID($L21,30,1),IF(ISNUMBER(FIND(MID($L21,30,1),"ABCDEFGHIJKLMNOPQRSTUVWXYZ")),CODE(MID($L21,30,1))-55,"#"))) | AR21: =IF(LEN($L21)<31,"",IF(ISNUMBER(FIND(MID($L21,31,1),"0123456789")),MID($L21,31,1),IF(ISNUMBER(FIND(MID($L21,31,1),"ABCDEFGHIJKLMNOPQRSTUVWXYZ")),CODE(MID($L21,31,1))-55,"#"))) | AS21: =IF(LEN($L21)<32,"",IF(ISNUMBER(FIND(MID($L21,32,1),"0123456789")),MID($L21,32,1),IF(ISNUMBER(FIND(MID($L21,32,1),"ABCDEFGHIJKLMNOPQRSTUVWXYZ")),CODE(MID($L21,32,1))-55,"#"))) | AT21: =IF(LEN($L21)<33,"",IF(ISNUMBER(FIND(MID($L21,33,1),"0123456789")),MID($L21,33,1),IF(ISNUMBER(FIND(MID($L21,33,1),"ABCDEFGHIJKLMNOPQRSTUVWXYZ")),CODE(MID($L21,33,1))-55,"#"))) | AU21: =IF(LEN($L21)<34,"",IF(ISNUMBER(FIND(MID($L21,34,1),"0123456789")),MID($L21,34,1),IF(ISNUMBER(FIND(MID($L21,34,1),"ABCDEFGHIJKLMNOPQRSTUVWXYZ")),CODE(MID($L21,34,1))-55,"#"))) | AV21: =_xlfn.CONCAT(N21:AU21) | AW21: =IF(OR(AV21="",M21=FALSE()),"",MOD(VALUE(MID(AV21,1,9)),97)) | AX21: =IF(AW21="","",MOD(VALUE(AW21&MID(AV21,10,7)),97)) | AY21: =IF(AX21="","",MOD(VALUE(AX21&MID(AV21,17,7)),97)) | AZ21: =IF(AY21="","",MOD(VALUE(AY21&MID(AV21,24,7)),97)) | BA21: =IF(AZ21="","",MOD(VALUE(AZ21&MID(AV21,31,7)),97)) | BB21: =IF(BA21="","",MOD(VALUE(BA21&MID(AV21,38,7)),97)) | BC21: =IF(BB21="","",MOD(VALUE(BB21&MID(AV21,45,7)),97)) | BD21: =IF(BC21="","",MOD(VALUE(BC21&MID(AV21,52,7)),97)) | BE21: =IF(BD21="","",MOD(VALUE(BD21&MID(AV21,59,7)),97)) | BF21: =IF(BE21="","",MOD(VALUE(BE21&MID(AV21,66,7)),97))
B22: =UPPER(SUBSTITUTE(SUBSTITUTE(SUBSTITUTE(TRIM(A22)," ",""),"-",""),CHAR(160),"")) | C22: =IF(B22="","",LEN(B22)) | D22: =IF(B22="","",LEFT(B22,2)) | E22: =IF(B22="","",MID(B22,3,2)) | F22: =IF(B22="","",MID(B22,5,2)) | G22: =IF(B22="","",IFERROR(INDEX('رموز البنوك'!$C$5:$C$30,MATCH(F22,'رموز البنوك'!$B$5:$B$30,0)),"رمز غير معروف")) | H22: =BF22 | I22: =IF(OR(H22="",NOT(AND(ISNUMBER(FIND(MID(B22,3,1),"0123456789")),ISNUMBER(FIND(MID(B22,4,1),"0123456789"))))),"",TEXT(98-MOD(H22-VALUE(E22),97),"00")) | J22: =IF(B22="","",IF(LEFT(K22,10)="آيبان صحيح","صحيح ✓","غير صحيح ✗")) | K22: =IF(B22="","",IF(M22=FALSE(),"يحتوي رموزاً غير مسموحة (المسموح A–Z و 0–9 فقط)",IF(D22<>"SA","رمز الدولة "&D22&" — هذا المدقق للآيبان السعودي SA",IF(C22<>24,"الطول "&C22&" خانة والمطلوب 24",IF(NOT(AND(ISNUMBER(FIND(MID(B22,3,1),"0123456789")),ISNUMBER(FIND(MID(B22,4,1),"0123456789")))),"خانتا التدقيق يجب أن تكونا رقمين",IF(ISERROR(VALUE(MID(B22,5,20))),"رمز البنك ورقم الحساب يجب أن يكونا أرقاماً",IF(H22<>1,"فشل اختبار MOD-97 (الباقي "&H22&" وليس 1) — خطأ في كتابة الرقم؛ خانتا التدقيق الصحيحتان لهذا الحساب "&I22,IF(G22="رمز غير معروف","اجتاز MOD-97 لكن رمز البنك "&F22&" غير مسجل في جدول البنوك","آيبان صحيح — "&G22)))))))) | L22: =IF(B22="","",MID(B22,5,40)&LEFT(B22,4)) | M22: =IF(L22="","",NOT(ISNUMBER(FIND("#",AV22)))) | N22: =IF(LEN($L22)<1,"",IF(ISNUMBER(FIND(MID($L22,1,1),"0123456789")),MID($L22,1,1),IF(ISNUMBER(FIND(MID($L22,1,1),"ABCDEFGHIJKLMNOPQRSTUVWXYZ")),CODE(MID($L22,1,1))-55,"#"))) | O22: =IF(LEN($L22)<2,"",IF(ISNUMBER(FIND(MID($L22,2,1),"0123456789")),MID($L22,2,1),IF(ISNUMBER(FIND(MID($L22,2,1),"ABCDEFGHIJKLMNOPQRSTUVWXYZ")),CODE(MID($L22,2,1))-55,"#"))) | P22: =IF(LEN($L22)<3,"",IF(ISNUMBER(FIND(MID($L22,3,1),"0123456789")),MID($L22,3,1),IF(ISNUMBER(FIND(MID($L22,3,1),"ABCDEFGHIJKLMNOPQRSTUVWXYZ")),CODE(MID($L22,3,1))-55,"#"))) | Q22: =IF(LEN($L22)<4,"",IF(ISNUMBER(FIND(MID($L22,4,1),"0123456789")),MID($L22,4,1),IF(ISNUMBER(FIND(MID($L22,4,1),"ABCDEFGHIJKLMNOPQRSTUVWXYZ")),CODE(MID($L22,4,1))-55,"#"))) | R22: =IF(LEN($L22)<5,"",IF(ISNUMBER(FIND(MID($L22,5,1),"0123456789")),MID($L22,5,1),IF(ISNUMBER(FIND(MID($L22,5,1),"ABCDEFGHIJKLMNOPQRSTUVWXYZ")),CODE(MID($L22,5,1))-55,"#"))) | S22: =IF(LEN($L22)<6,"",IF(ISNUMBER(FIND(MID($L22,6,1),"0123456789")),MID($L22,6,1),IF(ISNUMBER(FIND(MID($L22,6,1),"ABCDEFGHIJKLMNOPQRSTUVWXYZ")),CODE(MID($L22,6,1))-55,"#"))) | T22: =IF(LEN($L22)<7,"",IF(ISNUMBER(FIND(MID($L22,7,1),"0123456789")),MID($L22,7,1),IF(ISNUMBER(FIND(MID($L22,7,1),"ABCDEFGHIJKLMNOPQRSTUVWXYZ")),CODE(MID($L22,7,1))-55,"#"))) | U22: =IF(LEN($L22)<8,"",IF(ISNUMBER(FIND(MID($L22,8,1),"0123456789")),MID($L22,8,1),IF(ISNUMBER(FIND(MID($L22,8,1),"ABCDEFGHIJKLMNOPQRSTUVWXYZ")),CODE(MID($L22,8,1))-55,"#"))) | V22: =IF(LEN($L22)<9,"",IF(ISNUMBER(FIND(MID($L22,9,1),"0123456789")),MID($L22,9,1),IF(ISNUMBER(FIND(MID($L22,9,1),"ABCDEFGHIJKLMNOPQRSTUVWXYZ")),CODE(MID($L22,9,1))-55,"#"))) | W22: =IF(LEN($L22)<10,"",IF(ISNUMBER(FIND(MID($L22,10,1),"0123456789")),MID($L22,10,1),IF(ISNUMBER(FIND(MID($L22,10,1),"ABCDEFGHIJKLMNOPQRSTUVWXYZ")),CODE(MID($L22,10,1))-55,"#"))) | X22: =IF(LEN($L22)<11,"",IF(ISNUMBER(FIND(MID($L22,11,1),"0123456789")),MID($L22,11,1),IF(ISNUMBER(FIND(MID($L22,11,1),"ABCDEFGHIJKLMNOPQRSTUVWXYZ")),CODE(MID($L22,11,1))-55,"#"))) | Y22: =IF(LEN($L22)<12,"",IF(ISNUMBER(FIND(MID($L22,12,1),"0123456789")),MID($L22,12,1),IF(ISNUMBER(FIND(MID($L22,12,1),"ABCDEFGHIJKLMNOPQRSTUVWXYZ")),CODE(MID($L22,12,1))-55,"#"))) | Z22: =IF(LEN($L22)<13,"",IF(ISNUMBER(FIND(MID($L22,13,1),"0123456789")),MID($L22,13,1),IF(ISNUMBER(FIND(MID($L22,13,1),"ABCDEFGHIJKLMNOPQRSTUVWXYZ")),CODE(MID($L22,13,1))-55,"#"))) | AA22: =IF(LEN($L22)<14,"",IF(ISNUMBER(FIND(MID($L22,14,1),"0123456789")),MID($L22,14,1),IF(ISNUMBER(FIND(MID($L22,14,1),"ABCDEFGHIJKLMNOPQRSTUVWXYZ")),CODE(MID($L22,14,1))-55,"#"))) | AB22: =IF(LEN($L22)<15,"",IF(ISNUMBER(FIND(MID($L22,15,1),"0123456789")),MID($L22,15,1),IF(ISNUMBER(FIND(MID($L22,15,1),"ABCDEFGHIJKLMNOPQRSTUVWXYZ")),CODE(MID($L22,15,1))-55,"#"))) | AC22: =IF(LEN($L22)<16,"",IF(ISNUMBER(FIND(MID($L22,16,1),"0123456789")),MID($L22,16,1),IF(ISNUMBER(FIND(MID($L22,16,1),"ABCDEFGHIJKLMNOPQRSTUVWXYZ")),CODE(MID($L22,16,1))-55,"#"))) | AD22: =IF(LEN($L22)<17,"",IF(ISNUMBER(FIND(MID($L22,17,1),"0123456789")),MID($L22,17,1),IF(ISNUMBER(FIND(MID($L22,17,1),"ABCDEFGHIJKLMNOPQRSTUVWXYZ")),CODE(MID($L22,17,1))-55,"#"))) | AE22: =IF(LEN($L22)<18,"",IF(ISNUMBER(FIND(MID($L22,18,1),"0123456789")),MID($L22,18,1),IF(ISNUMBER(FIND(MID($L22,18,1),"ABCDEFGHIJKLMNOPQRSTUVWXYZ")),CODE(MID($L22,18,1))-55,"#"))) | AF22: =IF(LEN($L22)<19,"",IF(ISNUMBER(FIND(MID($L22,19,1),"0123456789")),MID($L22,19,1),IF(ISNUMBER(FIND(MID($L22,19,1),"ABCDEFGHIJKLMNOPQRSTUVWXYZ")),CODE(MID($L22,19,1))-55,"#"))) | AG22: =IF(LEN($L22)<20,"",IF(ISNUMBER(FIND(MID($L22,20,1),"0123456789")),MID($L22,20,1),IF(ISNUMBER(FIND(MID($L22,20,1),"ABCDEFGHIJKLMNOPQRSTUVWXYZ")),CODE(MID($L22,20,1))-55,"#"))) | AH22: =IF(LEN($L22)<21,"",IF(ISNUMBER(FIND(MID($L22,21,1),"0123456789")),MID($L22,21,1),IF(ISNUMBER(FIND(MID($L22,21,1),"ABCDEFGHIJKLMNOPQRSTUVWXYZ")),CODE(MID($L22,21,1))-55,"#"))) | AI22: =IF(LEN($L22)<22,"",IF(ISNUMBER(FIND(MID($L22,22,1),"0123456789")),MID($L22,22,1),IF(ISNUMBER(FIND(MID($L22,22,1),"ABCDEFGHIJKLMNOPQRSTUVWXYZ")),CODE(MID($L22,22,1))-55,"#"))) | AJ22: =IF(LEN($L22)<23,"",IF(ISNUMBER(FIND(MID($L22,23,1),"0123456789")),MID($L22,23,1),IF(ISNUMBER(FIND(MID($L22,23,1),"ABCDEFGHIJKLMNOPQRSTUVWXYZ")),CODE(MID($L22,23,1))-55,"#"))) | AK22: =IF(LEN($L22)<24,"",IF(ISNUMBER(FIND(MID($L22,24,1),"0123456789")),MID($L22,24,1),IF(ISNUMBER(FIND(MID($L22,24,1),"ABCDEFGHIJKLMNOPQRSTUVWXYZ")),CODE(MID($L22,24,1))-55,"#"))) | AL22: =IF(LEN($L22)<25,"",IF(ISNUMBER(FIND(MID($L22,25,1),"0123456789")),MID($L22,25,1),IF(ISNUMBER(FIND(MID($L22,25,1),"ABCDEFGHIJKLMNOPQRSTUVWXYZ")),CODE(MID($L22,25,1))-55,"#"))) | AM22: =IF(LEN($L22)<26,"",IF(ISNUMBER(FIND(MID($L22,26,1),"0123456789")),MID($L22,26,1),IF(ISNUMBER(FIND(MID($L22,26,1),"ABCDEFGHIJKLMNOPQRSTUVWXYZ")),CODE(MID($L22,26,1))-55,"#"))) | AN22: =IF(LEN($L22)<27,"",IF(ISNUMBER(FIND(MID($L22,27,1),"0123456789")),MID($L22,27,1),IF(ISNUMBER(FIND(MID($L22,27,1),"ABCDEFGHIJKLMNOPQRSTUVWXYZ")),CODE(MID($L22,27,1))-55,"#"))) | AO22: =IF(LEN($L22)<28,"",IF(ISNUMBER(FIND(MID($L22,28,1),"0123456789")),MID($L22,28,1),IF(ISNUMBER(FIND(MID($L22,28,1),"ABCDEFGHIJKLMNOPQRSTUVWXYZ")),CODE(MID($L22,28,1))-55,"#"))) | AP22: =IF(LEN($L22)<29,"",IF(ISNUMBER(FIND(MID($L22,29,1),"0123456789")),MID($L22,29,1),IF(ISNUMBER(FIND(MID($L22,29,1),"ABCDEFGHIJKLMNOPQRSTUVWXYZ")),CODE(MID($L22,29,1))-55,"#"))) | AQ22: =IF(LEN($L22)<30,"",IF(ISNUMBER(FIND(MID($L22,30,1),"0123456789")),MID($L22,30,1),IF(ISNUMBER(FIND(MID($L22,30,1),"ABCDEFGHIJKLMNOPQRSTUVWXYZ")),CODE(MID($L22,30,1))-55,"#"))) | AR22: =IF(LEN($L22)<31,"",IF(ISNUMBER(FIND(MID($L22,31,1),"0123456789")),MID($L22,31,1),IF(ISNUMBER(FIND(MID($L22,31,1),"ABCDEFGHIJKLMNOPQRSTUVWXYZ")),CODE(MID($L22,31,1))-55,"#"))) | AS22: =IF(LEN($L22)<32,"",IF(ISNUMBER(FIND(MID($L22,32,1),"0123456789")),MID($L22,32,1),IF(ISNUMBER(FIND(MID($L22,32,1),"ABCDEFGHIJKLMNOPQRSTUVWXYZ")),CODE(MID($L22,32,1))-55,"#"))) | AT22: =IF(LEN($L22)<33,"",IF(ISNUMBER(FIND(MID($L22,33,1),"0123456789")),MID($L22,33,1),IF(ISNUMBER(FIND(MID($L22,33,1),"ABCDEFGHIJKLMNOPQRSTUVWXYZ")),CODE(MID($L22,33,1))-55,"#"))) | AU22: =IF(LEN($L22)<34,"",IF(ISNUMBER(FIND(MID($L22,34,1),"0123456789")),MID($L22,34,1),IF(ISNUMBER(FIND(MID($L22,34,1),"ABCDEFGHIJKLMNOPQRSTUVWXYZ")),CODE(MID($L22,34,1))-55,"#"))) | AV22: =_xlfn.CONCAT(N22:AU22) | AW22: =IF(OR(AV22="",M22=FALSE()),"",MOD(VALUE(MID(AV22,1,9)),97)) | AX22: =IF(AW22="","",MOD(VALUE(AW22&MID(AV22,10,7)),97)) | AY22: =IF(AX22="","",MOD(VALUE(AX22&MID(AV22,17,7)),97)) | AZ22: =IF(AY22="","",MOD(VALUE(AY22&MID(AV22,24,7)),97)) | BA22: =IF(AZ22="","",MOD(VALUE(AZ22&MID(AV22,31,7)),97)) | BB22: =IF(BA22="","",MOD(VALUE(BA22&MID(AV22,38,7)),97)) | BC22: =IF(BB22="","",MOD(VALUE(BB22&MID(AV22,45,7)),97)) | BD22: =IF(BC22="","",MOD(VALUE(BC22&MID(AV22,52,7)),97)) | BE22: =IF(BD22="","",MOD(VALUE(BD22&MID(AV22,59,7)),97)) | BF22: =IF(BE22="","",MOD(VALUE(BE22&MID(AV22,66,7)),97))
B23: =UPPER(SUBSTITUTE(SUBSTITUTE(SUBSTITUTE(TRIM(A23)," ",""),"-",""),CHAR(160),"")) | C23: =IF(B23="","",LEN(B23)) | D23: =IF(B23="","",LEFT(B23,2)) | E23: =IF(B23="","",MID(B23,3,2)) | F23: =IF(B23="","",MID(B23,5,2)) | G23: =IF(B23="","",IFERROR(INDEX('رموز البنوك'!$C$5:$C$30,MATCH(F23,'رموز البنوك'!$B$5:$B$30,0)),"رمز غير معروف")) | H23: =BF23 | I23: =IF(OR(H23="",NOT(AND(ISNUMBER(FIND(MID(B23,3,1),"0123456789")),ISNUMBER(FIND(MID(B23,4,1),"0123456789"))))),"",TEXT(98-MOD(H23-VALUE(E23),97),"00")) | J23: =IF(B23="","",IF(LEFT(K23,10)="آيبان صحيح","صحيح ✓","غير صحيح ✗")) | K23: =IF(B23="","",IF(M23=FALSE(),"يحتوي رموزاً غير مسموحة (المسموح A–Z و 0–9 فقط)",IF(D23<>"SA","رمز الدولة "&D23&" — هذا المدقق للآيبان السعودي SA",IF(C23<>24,"الطول "&C23&" خانة والمطلوب 24",IF(NOT(AND(ISNUMBER(FIND(MID(B23,3,1),"0123456789")),ISNUMBER(FIND(MID(B23,4,1),"0123456789")))),"خانتا التدقيق يجب أن تكونا رقمين",IF(ISERROR(VALUE(MID(B23,5,20))),"رمز البنك ورقم الحساب يجب أن يكونا أرقاماً",IF(H23<>1,"فشل اختبار MOD-97 (الباقي "&H23&" وليس 1) — خطأ في كتابة الرقم؛ خانتا التدقيق الصحيحتان لهذا الحساب "&I23,IF(G23="رمز غير معروف","اجتاز MOD-97 لكن رمز البنك "&F23&" غير مسجل في جدول البنوك","آيبان صحيح — "&G23)))))))) | L23: =IF(B23="","",MID(B23,5,40)&LEFT(B23,4)) | M23: =IF(L23="","",NOT(ISNUMBER(FIND("#",AV23)))) | N23: =IF(LEN($L23)<1,"",IF(ISNUMBER(FIND(MID($L23,1,1),"0123456789")),MID($L23,1,1),IF(ISNUMBER(FIND(MID($L23,1,1),"ABCDEFGHIJKLMNOPQRSTUVWXYZ")),CODE(MID($L23,1,1))-55,"#"))) | O23: =IF(LEN($L23)<2,"",IF(ISNUMBER(FIND(MID($L23,2,1),"0123456789")),MID($L23,2,1),IF(ISNUMBER(FIND(MID($L23,2,1),"ABCDEFGHIJKLMNOPQRSTUVWXYZ")),CODE(MID($L23,2,1))-55,"#"))) | P23: =IF(LEN($L23)<3,"",IF(ISNUMBER(FIND(MID($L23,3,1),"0123456789")),MID($L23,3,1),IF(ISNUMBER(FIND(MID($L23,3,1),"ABCDEFGHIJKLMNOPQRSTUVWXYZ")),CODE(MID($L23,3,1))-55,"#"))) | Q23: =IF(LEN($L23)<4,"",IF(ISNUMBER(FIND(MID($L23,4,1),"0123456789")),MID($L23,4,1),IF(ISNUMBER(FIND(MID($L23,4,1),"ABCDEFGHIJKLMNOPQRSTUVWXYZ")),CODE(MID($L23,4,1))-55,"#"))) | R23: =IF(LEN($L23)<5,"",IF(ISNUMBER(FIND(MID($L23,5,1),"0123456789")),MID($L23,5,1),IF(ISNUMBER(FIND(MID($L23,5,1),"ABCDEFGHIJKLMNOPQRSTUVWXYZ")),CODE(MID($L23,5,1))-55,"#"))) | S23: =IF(LEN($L23)<6,"",IF(ISNUMBER(FIND(MID($L23,6,1),"0123456789")),MID($L23,6,1),IF(ISNUMBER(FIND(MID($L23,6,1),"ABCDEFGHIJKLMNOPQRSTUVWXYZ")),CODE(MID($L23,6,1))-55,"#"))) | T23: =IF(LEN($L23)<7,"",IF(ISNUMBER(FIND(MID($L23,7,1),"0123456789")),MID($L23,7,1),IF(ISNUMBER(FIND(MID($L23,7,1),"ABCDEFGHIJKLMNOPQRSTUVWXYZ")),CODE(MID($L23,7,1))-55,"#"))) | U23: =IF(LEN($L23)<8,"",IF(ISNUMBER(FIND(MID($L23,8,1),"0123456789")),MID($L23,8,1),IF(ISNUMBER(FIND(MID($L23,8,1),"ABCDEFGHIJKLMNOPQRSTUVWXYZ")),CODE(MID($L23,8,1))-55,"#"))) | V23: =IF(LEN($L23)<9,"",IF(ISNUMBER(FIND(MID($L23,9,1),"0123456789")),MID($L23,9,1),IF(ISNUMBER(FIND(MID($L23,9,1),"ABCDEFGHIJKLMNOPQRSTUVWXYZ")),CODE(MID($L23,9,1))-55,"#"))) | W23: =IF(LEN($L23)<10,"",IF(ISNUMBER(FIND(MID($L23,10,1),"0123456789")),MID($L23,10,1),IF(ISNUMBER(FIND(MID($L23,10,1),"ABCDEFGHIJKLMNOPQRSTUVWXYZ")),CODE(MID($L23,10,1))-55,"#"))) | X23: =IF(LEN($L23)<11,"",IF(ISNUMBER(FIND(MID($L23,11,1),"0123456789")),MID($L23,11,1),IF(ISNUMBER(FIND(MID($L23,11,1),"ABCDEFGHIJKLMNOPQRSTUVWXYZ")),CODE(MID($L23,11,1))-55,"#"))) | Y23: =IF(LEN($L23)<12,"",IF(ISNUMBER(FIND(MID($L23,12,1),"0123456789")),MID($L23,12,1),IF(ISNUMBER(FIND(MID($L23,12,1),"ABCDEFGHIJKLMNOPQRSTUVWXYZ")),CODE(MID($L23,12,1))-55,"#"))) | Z23: =IF(LEN($L23)<13,"",IF(ISNUMBER(FIND(MID($L23,13,1),"0123456789")),MID($L23,13,1),IF(ISNUMBER(FIND(MID($L23,13,1),"ABCDEFGHIJKLMNOPQRSTUVWXYZ")),CODE(MID($L23,13,1))-55,"#"))) | AA23: =IF(LEN($L23)<14,"",IF(ISNUMBER(FIND(MID($L23,14,1),"0123456789")),MID($L23,14,1),IF(ISNUMBER(FIND(MID($L23,14,1),"ABCDEFGHIJKLMNOPQRSTUVWXYZ")),CODE(MID($L23,14,1))-55,"#"))) | AB23: =IF(LEN($L23)<15,"",IF(ISNUMBER(FIND(MID($L23,15,1),"0123456789")),MID($L23,15,1),IF(ISNUMBER(FIND(MID($L23,15,1),"ABCDEFGHIJKLMNOPQRSTUVWXYZ")),CODE(MID($L23,15,1))-55,"#"))) | AC23: =IF(LEN($L23)<16,"",IF(ISNUMBER(FIND(MID($L23,16,1),"0123456789")),MID($L23,16,1),IF(ISNUMBER(FIND(MID($L23,16,1),"ABCDEFGHIJKLMNOPQRSTUVWXYZ")),CODE(MID($L23,16,1))-55,"#"))) | AD23: =IF(LEN($L23)<17,"",IF(ISNUMBER(FIND(MID($L23,17,1),"0123456789")),MID($L23,17,1),IF(ISNUMBER(FIND(MID($L23,17,1),"ABCDEFGHIJKLMNOPQRSTUVWXYZ")),CODE(MID($L23,17,1))-55,"#"))) | AE23: =IF(LEN($L23)<18,"",IF(ISNUMBER(FIND(MID($L23,18,1),"0123456789")),MID($L23,18,1),IF(ISNUMBER(FIND(MID($L23,18,1),"ABCDEFGHIJKLMNOPQRSTUVWXYZ")),CODE(MID($L23,18,1))-55,"#"))) | AF23: =IF(LEN($L23)<19,"",IF(ISNUMBER(FIND(MID($L23,19,1),"0123456789")),MID($L23,19,1),IF(ISNUMBER(FIND(MID($L23,19,1),"ABCDEFGHIJKLMNOPQRSTUVWXYZ")),CODE(MID($L23,19,1))-55,"#"))) | AG23: =IF(LEN($L23)<20,"",IF(ISNUMBER(FIND(MID($L23,20,1),"0123456789")),MID($L23,20,1),IF(ISNUMBER(FIND(MID($L23,20,1),"ABCDEFGHIJKLMNOPQRSTUVWXYZ")),CODE(MID($L23,20,1))-55,"#"))) | AH23: =IF(LEN($L23)<21,"",IF(ISNUMBER(FIND(MID($L23,21,1),"0123456789")),MID($L23,21,1),IF(ISNUMBER(FIND(MID($L23,21,1),"ABCDEFGHIJKLMNOPQRSTUVWXYZ")),CODE(MID($L23,21,1))-55,"#"))) | AI23: =IF(LEN($L23)<22,"",IF(ISNUMBER(FIND(MID($L23,22,1),"0123456789")),MID($L23,22,1),IF(ISNUMBER(FIND(MID($L23,22,1),"ABCDEFGHIJKLMNOPQRSTUVWXYZ")),CODE(MID($L23,22,1))-55,"#"))) | AJ23: =IF(LEN($L23)<23,"",IF(ISNUMBER(FIND(MID($L23,23,1),"0123456789")),MID($L23,23,1),IF(ISNUMBER(FIND(MID($L23,23,1),"ABCDEFGHIJKLMNOPQRSTUVWXYZ")),CODE(MID($L23,23,1))-55,"#"))) | AK23: =IF(LEN($L23)<24,"",IF(ISNUMBER(FIND(MID($L23,24,1),"0123456789")),MID($L23,24,1),IF(ISNUMBER(FIND(MID($L23,24,1),"ABCDEFGHIJKLMNOPQRSTUVWXYZ")),CODE(MID($L23,24,1))-55,"#"))) | AL23: =IF(LEN($L23)<25,"",IF(ISNUMBER(FIND(MID($L23,25,1),"0123456789")),MID($L23,25,1),IF(ISNUMBER(FIND(MID($L23,25,1),"ABCDEFGHIJKLMNOPQRSTUVWXYZ")),CODE(MID($L23,25,1))-55,"#"))) | AM23: =IF(LEN($L23)<26,"",IF(ISNUMBER(FIND(MID($L23,26,1),"0123456789")),MID($L23,26,1),IF(ISNUMBER(FIND(MID($L23,26,1),"ABCDEFGHIJKLMNOPQRSTUVWXYZ")),CODE(MID($L23,26,1))-55,"#"))) | AN23: =IF(LEN($L23)<27,"",IF(ISNUMBER(FIND(MID($L23,27,1),"0123456789")),MID($L23,27,1),IF(ISNUMBER(FIND(MID($L23,27,1),"ABCDEFGHIJKLMNOPQRSTUVWXYZ")),CODE(MID($L23,27,1))-55,"#"))) | AO23: =IF(LEN($L23)<28,"",IF(ISNUMBER(FIND(MID($L23,28,1),"0123456789")),MID($L23,28,1),IF(ISNUMBER(FIND(MID($L23,28,1),"ABCDEFGHIJKLMNOPQRSTUVWXYZ")),CODE(MID($L23,28,1))-55,"#"))) | AP23: =IF(LEN($L23)<29,"",IF(ISNUMBER(FIND(MID($L23,29,1),"0123456789")),MID($L23,29,1),IF(ISNUMBER(FIND(MID($L23,29,1),"ABCDEFGHIJKLMNOPQRSTUVWXYZ")),CODE(MID($L23,29,1))-55,"#"))) | AQ23: =IF(LEN($L23)<30,"",IF(ISNUMBER(FIND(MID($L23,30,1),"0123456789")),MID($L23,30,1),IF(ISNUMBER(FIND(MID($L23,30,1),"ABCDEFGHIJKLMNOPQRSTUVWXYZ")),CODE(MID($L23,30,1))-55,"#"))) | AR23: =IF(LEN($L23)<31,"",IF(ISNUMBER(FIND(MID($L23,31,1),"0123456789")),MID($L23,31,1),IF(ISNUMBER(FIND(MID($L23,31,1),"ABCDEFGHIJKLMNOPQRSTUVWXYZ")),CODE(MID($L23,31,1))-55,"#"))) | AS23: =IF(LEN($L23)<32,"",IF(ISNUMBER(FIND(MID($L23,32,1),"0123456789")),MID($L23,32,1),IF(ISNUMBER(FIND(MID($L23,32,1),"ABCDEFGHIJKLMNOPQRSTUVWXYZ")),CODE(MID($L23,32,1))-55,"#"))) | AT23: =IF(LEN($L23)<33,"",IF(ISNUMBER(FIND(MID($L23,33,1),"0123456789")),MID($L23,33,1),IF(ISNUMBER(FIND(MID($L23,33,1),"ABCDEFGHIJKLMNOPQRSTUVWXYZ")),CODE(MID($L23,33,1))-55,"#"))) | AU23: =IF(LEN($L23)<34,"",IF(ISNUMBER(FIND(MID($L23,34,1),"0123456789")),MID($L23,34,1),IF(ISNUMBER(FIND(MID($L23,34,1),"ABCDEFGHIJKLMNOPQRSTUVWXYZ")),CODE(MID($L23,34,1))-55,"#"))) | AV23: =_xlfn.CONCAT(N23:AU23) | AW23: =IF(OR(AV23="",M23=FALSE()),"",MOD(VALUE(MID(AV23,1,9)),97)) | AX23: =IF(AW23="","",MOD(VALUE(AW23&MID(AV23,10,7)),97)) | AY23: =IF(AX23="","",MOD(VALUE(AX23&MID(AV23,17,7)),97)) | AZ23: =IF(AY23="","",MOD(VALUE(AY23&MID(AV23,24,7)),97)) | BA23: =IF(AZ23="","",MOD(VALUE(AZ23&MID(AV23,31,7)),97)) | BB23: =IF(BA23="","",MOD(VALUE(BA23&MID(AV23,38,7)),97)) | BC23: =IF(BB23="","",MOD(VALUE(BB23&MID(AV23,45,7)),97)) | BD23: =IF(BC23="","",MOD(VALUE(BC23&MID(AV23,52,7)),97)) | BE23: =IF(BD23="","",MOD(VALUE(BD23&MID(AV23,59,7)),97)) | BF23: =IF(BE23="","",MOD(VALUE(BE23&MID(AV23,66,7)),97))
B24: =UPPER(SUBSTITUTE(SUBSTITUTE(SUBSTITUTE(TRIM(A24)," ",""),"-",""),CHAR(160),"")) | C24: =IF(B24="","",LEN(B24)) | D24: =IF(B24="","",LEFT(B24,2)) | E24: =IF(B24="","",MID(B24,3,2)) | F24: =IF(B24="","",MID(B24,5,2)) | G24: =IF(B24="","",IFERROR(INDEX('رموز البنوك'!$C$5:$C$30,MATCH(F24,'رموز البنوك'!$B$5:$B$30,0)),"رمز غير معروف")) | H24: =BF24 | I24: =IF(OR(H24="",NOT(AND(ISNUMBER(FIND(MID(B24,3,1),"0123456789")),ISNUMBER(FIND(MID(B24,4,1),"0123456789"))))),"",TEXT(98-MOD(H24-VALUE(E24),97),"00")) | J24: =IF(B24="","",IF(LEFT(K24,10)="آيبان صحيح","صحيح ✓","غير صحيح ✗")) | K24: =IF(B24="","",IF(M24=FALSE(),"يحتوي رموزاً غير مسموحة (المسموح A–Z و 0–9 فقط)",IF(D24<>"SA","رمز الدولة "&D24&" — هذا المدقق للآيبان السعودي SA",IF(C24<>24,"الطول "&C24&" خانة والمطلوب 24",IF(NOT(AND(ISNUMBER(FIND(MID(B24,3,1),"0123456789")),ISNUMBER(FIND(MID(B24,4,1),"0123456789")))),"خانتا التدقيق يجب أن تكونا رقمين",IF(ISERROR(VALUE(MID(B24,5,20))),"رمز البنك ورقم الحساب يجب أن يكونا أرقاماً",IF(H24<>1,"فشل اختبار MOD-97 (الباقي "&H24&" وليس 1) — خطأ في كتابة الرقم؛ خانتا التدقيق الصحيحتان لهذا الحساب "&I24,IF(G24="رمز غير معروف","اجتاز MOD-97 لكن رمز البنك "&F24&" غير مسجل في جدول البنوك","آيبان صحيح — "&G24)))))))) | L24: =IF(B24="","",MID(B24,5,40)&LEFT(B24,4)) | M24: =IF(L24="","",NOT(ISNUMBER(FIND("#",AV24)))) | N24: =IF(LEN($L24)<1,"",IF(ISNUMBER(FIND(MID($L24,1,1),"0123456789")),MID($L24,1,1),IF(ISNUMBER(FIND(MID($L24,1,1),"ABCDEFGHIJKLMNOPQRSTUVWXYZ")),CODE(MID($L24,1,1))-55,"#"))) | O24: =IF(LEN($L24)<2,"",IF(ISNUMBER(FIND(MID($L24,2,1),"0123456789")),MID($L24,2,1),IF(ISNUMBER(FIND(MID($L24,2,1),"ABCDEFGHIJKLMNOPQRSTUVWXYZ")),CODE(MID($L24,2,1))-55,"#"))) | P24: =IF(LEN($L24)<3,"",IF(ISNUMBER(FIND(MID($L24,3,1),"0123456789")),MID($L24,3,1),IF(ISNUMBER(FIND(MID($L24,3,1),"ABCDEFGHIJKLMNOPQRSTUVWXYZ")),CODE(MID($L24,3,1))-55,"#"))) | Q24: =IF(LEN($L24)<4,"",IF(ISNUMBER(FIND(MID($L24,4,1),"0123456789")),MID($L24,4,1),IF(ISNUMBER(FIND(MID($L24,4,1),"ABCDEFGHIJKLMNOPQRSTUVWXYZ")),CODE(MID($L24,4,1))-55,"#"))) | R24: =IF(LEN($L24)<5,"",IF(ISNUMBER(FIND(MID($L24,5,1),"0123456789")),MID($L24,5,1),IF(ISNUMBER(FIND(MID($L24,5,1),"ABCDEFGHIJKLMNOPQRSTUVWXYZ")),CODE(MID($L24,5,1))-55,"#"))) | S24: =IF(LEN($L24)<6,"",IF(ISNUMBER(FIND(MID($L24,6,1),"0123456789")),MID($L24,6,1),IF(ISNUMBER(FIND(MID($L24,6,1),"ABCDEFGHIJKLMNOPQRSTUVWXYZ")),CODE(MID($L24,6,1))-55,"#"))) | T24: =IF(LEN($L24)<7,"",IF(ISNUMBER(FIND(MID($L24,7,1),"0123456789")),MID($L24,7,1),IF(ISNUMBER(FIND(MID($L24,7,1),"ABCDEFGHIJKLMNOPQRSTUVWXYZ")),CODE(MID($L24,7,1))-55,"#"))) | U24: =IF(LEN($L24)<8,"",IF(ISNUMBER(FIND(MID($L24,8,1),"0123456789")),MID($L24,8,1),IF(ISNUMBER(FIND(MID($L24,8,1),"ABCDEFGHIJKLMNOPQRSTUVWXYZ")),CODE(MID($L24,8,1))-55,"#"))) | V24: =IF(LEN($L24)<9,"",IF(ISNUMBER(FIND(MID($L24,9,1),"0123456789")),MID($L24,9,1),IF(ISNUMBER(FIND(MID($L24,9,1),"ABCDEFGHIJKLMNOPQRSTUVWXYZ")),CODE(MID($L24,9,1))-55,"#"))) | W24: =IF(LEN($L24)<10,"",IF(ISNUMBER(FIND(MID($L24,10,1),"0123456789")),MID($L24,10,1),IF(ISNUMBER(FIND(MID($L24,10,1),"ABCDEFGHIJKLMNOPQRSTUVWXYZ")),CODE(MID($L24,10,1))-55,"#"))) | X24: =IF(LEN($L24)<11,"",IF(ISNUMBER(FIND(MID($L24,11,1),"0123456789")),MID($L24,11,1),IF(ISNUMBER(FIND(MID($L24,11,1),"ABCDEFGHIJKLMNOPQRSTUVWXYZ")),CODE(MID($L24,11,1))-55,"#"))) | Y24: =IF(LEN($L24)<12,"",IF(ISNUMBER(FIND(MID($L24,12,1),"0123456789")),MID($L24,12,1),IF(ISNUMBER(FIND(MID($L24,12,1),"ABCDEFGHIJKLMNOPQRSTUVWXYZ")),CODE(MID($L24,12,1))-55,"#"))) | Z24: =IF(LEN($L24)<13,"",IF(ISNUMBER(FIND(MID($L24,13,1),"0123456789")),MID($L24,13,1),IF(ISNUMBER(FIND(MID($L24,13,1),"ABCDEFGHIJKLMNOPQRSTUVWXYZ")),CODE(MID($L24,13,1))-55,"#"))) | AA24: =IF(LEN($L24)<14,"",IF(ISNUMBER(FIND(MID($L24,14,1),"0123456789")),MID($L24,14,1),IF(ISNUMBER(FIND(MID($L24,14,1),"ABCDEFGHIJKLMNOPQRSTUVWXYZ")),CODE(MID($L24,14,1))-55,"#"))) | AB24: =IF(LEN($L24)<15,"",IF(ISNUMBER(FIND(MID($L24,15,1),"0123456789")),MID($L24,15,1),IF(ISNUMBER(FIND(MID($L24,15,1),"ABCDEFGHIJKLMNOPQRSTUVWXYZ")),CODE(MID($L24,15,1))-55,"#"))) | AC24: =IF(LEN($L24)<16,"",IF(ISNUMBER(FIND(MID($L24,16,1),"0123456789")),MID($L24,16,1),IF(ISNUMBER(FIND(MID($L24,16,1),"ABCDEFGHIJKLMNOPQRSTUVWXYZ")),CODE(MID($L24,16,1))-55,"#"))) | AD24: =IF(LEN($L24)<17,"",IF(ISNUMBER(FIND(MID($L24,17,1),"0123456789")),MID($L24,17,1),IF(ISNUMBER(FIND(MID($L24,17,1),"ABCDEFGHIJKLMNOPQRSTUVWXYZ")),CODE(MID($L24,17,1))-55,"#"))) | AE24: =IF(LEN($L24)<18,"",IF(ISNUMBER(FIND(MID($L24,18,1),"0123456789")),MID($L24,18,1),IF(ISNUMBER(FIND(MID($L24,18,1),"ABCDEFGHIJKLMNOPQRSTUVWXYZ")),CODE(MID($L24,18,1))-55,"#"))) | AF24: =IF(LEN($L24)<19,"",IF(ISNUMBER(FIND(MID($L24,19,1),"0123456789")),MID($L24,19,1),IF(ISNUMBER(FIND(MID($L24,19,1),"ABCDEFGHIJKLMNOPQRSTUVWXYZ")),CODE(MID($L24,19,1))-55,"#"))) | AG24: =IF(LEN($L24)<20,"",IF(ISNUMBER(FIND(MID($L24,20,1),"0123456789")),MID($L24,20,1),IF(ISNUMBER(FIND(MID($L24,20,1),"ABCDEFGHIJKLMNOPQRSTUVWXYZ")),CODE(MID($L24,20,1))-55,"#"))) | AH24: =IF(LEN($L24)<21,"",IF(ISNUMBER(FIND(MID($L24,21,1),"0123456789")),MID($L24,21,1),IF(ISNUMBER(FIND(MID($L24,21,1),"ABCDEFGHIJKLMNOPQRSTUVWXYZ")),CODE(MID($L24,21,1))-55,"#"))) | AI24: =IF(LEN($L24)<22,"",IF(ISNUMBER(FIND(MID($L24,22,1),"0123456789")),MID($L24,22,1),IF(ISNUMBER(FIND(MID($L24,22,1),"ABCDEFGHIJKLMNOPQRSTUVWXYZ")),CODE(MID($L24,22,1))-55,"#"))) | AJ24: =IF(LEN($L24)<23,"",IF(ISNUMBER(FIND(MID($L24,23,1),"0123456789")),MID($L24,23,1),IF(ISNUMBER(FIND(MID($L24,23,1),"ABCDEFGHIJKLMNOPQRSTUVWXYZ")),CODE(MID($L24,23,1))-55,"#"))) | AK24: =IF(LEN($L24)<24,"",IF(ISNUMBER(FIND(MID($L24,24,1),"0123456789")),MID($L24,24,1),IF(ISNUMBER(FIND(MID($L24,24,1),"ABCDEFGHIJKLMNOPQRSTUVWXYZ")),CODE(MID($L24,24,1))-55,"#"))) | AL24: =IF(LEN($L24)<25,"",IF(ISNUMBER(FIND(MID($L24,25,1),"0123456789")),MID($L24,25,1),IF(ISNUMBER(FIND(MID($L24,25,1),"ABCDEFGHIJKLMNOPQRSTUVWXYZ")),CODE(MID($L24,25,1))-55,"#"))) | AM24: =IF(LEN($L24)<26,"",IF(ISNUMBER(FIND(MID($L24,26,1),"0123456789")),MID($L24,26,1),IF(ISNUMBER(FIND(MID($L24,26,1),"ABCDEFGHIJKLMNOPQRSTUVWXYZ")),CODE(MID($L24,26,1))-55,"#"))) | AN24: =IF(LEN($L24)<27,"",IF(ISNUMBER(FIND(MID($L24,27,1),"0123456789")),MID($L24,27,1),IF(ISNUMBER(FIND(MID($L24,27,1),"ABCDEFGHIJKLMNOPQRSTUVWXYZ")),CODE(MID($L24,27,1))-55,"#"))) | AO24: =IF(LEN($L24)<28,"",IF(ISNUMBER(FIND(MID($L24,28,1),"0123456789")),MID($L24,28,1),IF(ISNUMBER(FIND(MID($L24,28,1),"ABCDEFGHIJKLMNOPQRSTUVWXYZ")),CODE(MID($L24,28,1))-55,"#"))) | AP24: =IF(LEN($L24)<29,"",IF(ISNUMBER(FIND(MID($L24,29,1),"0123456789")),MID($L24,29,1),IF(ISNUMBER(FIND(MID($L24,29,1),"ABCDEFGHIJKLMNOPQRSTUVWXYZ")),CODE(MID($L24,29,1))-55,"#"))) | AQ24: =IF(LEN($L24)<30,"",IF(ISNUMBER(FIND(MID($L24,30,1),"0123456789")),MID($L24,30,1),IF(ISNUMBER(FIND(MID($L24,30,1),"ABCDEFGHIJKLMNOPQRSTUVWXYZ")),CODE(MID($L24,30,1))-55,"#"))) | AR24: =IF(LEN($L24)<31,"",IF(ISNUMBER(FIND(MID($L24,31,1),"0123456789")),MID($L24,31,1),IF(ISNUMBER(FIND(MID($L24,31,1),"ABCDEFGHIJKLMNOPQRSTUVWXYZ")),CODE(MID($L24,31,1))-55,"#"))) | AS24: =IF(LEN($L24)<32,"",IF(ISNUMBER(FIND(MID($L24,32,1),"0123456789")),MID($L24,32,1),IF(ISNUMBER(FIND(MID($L24,32,1),"ABCDEFGHIJKLMNOPQRSTUVWXYZ")),CODE(MID($L24,32,1))-55,"#"))) | AT24: =IF(LEN($L24)<33,"",IF(ISNUMBER(FIND(MID($L24,33,1),"0123456789")),MID($L24,33,1),IF(ISNUMBER(FIND(MID($L24,33,1),"ABCDEFGHIJKLMNOPQRSTUVWXYZ")),CODE(MID($L24,33,1))-55,"#"))) | AU24: =IF(LEN($L24)<34,"",IF(ISNUMBER(FIND(MID($L24,34,1),"0123456789")),MID($L24,34,1),IF(ISNUMBER(FIND(MID($L24,34,1),"ABCDEFGHIJKLMNOPQRSTUVWXYZ")),CODE(MID($L24,34,1))-55,"#"))) | AV24: =_xlfn.CONCAT(N24:AU24) | AW24: =IF(OR(AV24="",M24=FALSE()),"",MOD(VALUE(MID(AV24,1,9)),97)) | AX24: =IF(AW24="","",MOD(VALUE(AW24&MID(AV24,10,7)),97)) | AY24: =IF(AX24="","",MOD(VALUE(AX24&MID(AV24,17,7)),97)) | AZ24: =IF(AY24="","",MOD(VALUE(AY24&MID(AV24,24,7)),97)) | BA24: =IF(AZ24="","",MOD(VALUE(AZ24&MID(AV24,31,7)),97)) | BB24: =IF(BA24="","",MOD(VALUE(BA24&MID(AV24,38,7)),97)) | BC24: =IF(BB24="","",MOD(VALUE(BB24&MID(AV24,45,7)),97)) | BD24: =IF(BC24="","",MOD(VALUE(BC24&MID(AV24,52,7)),97)) | BE24: =IF(BD24="","",MOD(VALUE(BD24&MID(AV24,59,7)),97)) | BF24: =IF(BE24="","",MOD(VALUE(BE24&MID(AV24,66,7)),97))
B25: =UPPER(SUBSTITUTE(SUBSTITUTE(SUBSTITUTE(TRIM(A25)," ",""),"-",""),CHAR(160),"")) | C25: =IF(B25="","",LEN(B25)) | D25: =IF(B25="","",LEFT(B25,2)) | E25: =IF(B25="","",MID(B25,3,2)) | F25: =IF(B25="","",MID(B25,5,2)) | G25: =IF(B25="","",IFERROR(INDEX('رموز البنوك'!$C$5:$C$30,MATCH(F25,'رموز البنوك'!$B$5:$B$30,0)),"رمز غير معروف")) | H25: =BF25 | I25: =IF(OR(H25="",NOT(AND(ISNUMBER(FIND(MID(B25,3,1),"0123456789")),ISNUMBER(FIND(MID(B25,4,1),"0123456789"))))),"",TEXT(98-MOD(H25-VALUE(E25),97),"00")) | J25: =IF(B25="","",IF(LEFT(K25,10)="آيبان صحيح","صحيح ✓","غير صحيح ✗")) | K25: =IF(B25="","",IF(M25=FALSE(),"يحتوي رموزاً غير مسموحة (المسموح A–Z و 0–9 فقط)",IF(D25<>"SA","رمز الدولة "&D25&" — هذا المدقق للآيبان السعودي SA",IF(C25<>24,"الطول "&C25&" خانة والمطلوب 24",IF(NOT(AND(ISNUMBER(FIND(MID(B25,3,1),"0123456789")),ISNUMBER(FIND(MID(B25,4,1),"0123456789")))),"خانتا التدقيق يجب أن تكونا رقمين",IF(ISERROR(VALUE(MID(B25,5,20))),"رمز البنك ورقم الحساب يجب أن يكونا أرقاماً",IF(H25<>1,"فشل اختبار MOD-97 (الباقي "&H25&" وليس 1) — خطأ في كتابة الرقم؛ خانتا التدقيق الصحيحتان لهذا الحساب "&I25,IF(G25="رمز غير معروف","اجتاز MOD-97 لكن رمز البنك "&F25&" غير مسجل في جدول البنوك","آيبان صحيح — "&G25)))))))) | L25: =IF(B25="","",MID(B25,5,40)&LEFT(B25,4)) | M25: =IF(L25="","",NOT(ISNUMBER(FIND("#",AV25)))) | N25: =IF(LEN($L25)<1,"",IF(ISNUMBER(FIND(MID($L25,1,1),"0123456789")),MID($L25,1,1),IF(ISNUMBER(FIND(MID($L25,1,1),"ABCDEFGHIJKLMNOPQRSTUVWXYZ")),CODE(MID($L25,1,1))-55,"#"))) | O25: =IF(LEN($L25)<2,"",IF(ISNUMBER(FIND(MID($L25,2,1),"0123456789")),MID($L25,2,1),IF(ISNUMBER(FIND(MID($L25,2,1),"ABCDEFGHIJKLMNOPQRSTUVWXYZ")),CODE(MID($L25,2,1))-55,"#"))) | P25: =IF(LEN($L25)<3,"",IF(ISNUMBER(FIND(MID($L25,3,1),"0123456789")),MID($L25,3,1),IF(ISNUMBER(FIND(MID($L25,3,1),"ABCDEFGHIJKLMNOPQRSTUVWXYZ")),CODE(MID($L25,3,1))-55,"#"))) | Q25: =IF(LEN($L25)<4,"",IF(ISNUMBER(FIND(MID($L25,4,1),"0123456789")),MID($L25,4,1),IF(ISNUMBER(FIND(MID($L25,4,1),"ABCDEFGHIJKLMNOPQRSTUVWXYZ")),CODE(MID($L25,4,1))-55,"#"))) | R25: =IF(LEN($L25)<5,"",IF(ISNUMBER(FIND(MID($L25,5,1),"0123456789")),MID($L25,5,1),IF(ISNUMBER(FIND(MID($L25,5,1),"ABCDEFGHIJKLMNOPQRSTUVWXYZ")),CODE(MID($L25,5,1))-55,"#"))) | S25: =IF(LEN($L25)<6,"",IF(ISNUMBER(FIND(MID($L25,6,1),"0123456789")),MID($L25,6,1),IF(ISNUMBER(FIND(MID($L25,6,1),"ABCDEFGHIJKLMNOPQRSTUVWXYZ")),CODE(MID($L25,6,1))-55,"#"))) | T25: =IF(LEN($L25)<7,"",IF(ISNUMBER(FIND(MID($L25,7,1),"0123456789")),MID($L25,7,1),IF(ISNUMBER(FIND(MID($L25,7,1),"ABCDEFGHIJKLMNOPQRSTUVWXYZ")),CODE(MID($L25,7,1))-55,"#"))) | U25: =IF(LEN($L25)<8,"",IF(ISNUMBER(FIND(MID($L25,8,1),"0123456789")),MID($L25,8,1),IF(ISNUMBER(FIND(MID($L25,8,1),"ABCDEFGHIJKLMNOPQRSTUVWXYZ")),CODE(MID($L25,8,1))-55,"#"))) | V25: =IF(LEN($L25)<9,"",IF(ISNUMBER(FIND(MID($L25,9,1),"0123456789")),MID($L25,9,1),IF(ISNUMBER(FIND(MID($L25,9,1),"ABCDEFGHIJKLMNOPQRSTUVWXYZ")),CODE(MID($L25,9,1))-55,"#"))) | W25: =IF(LEN($L25)<10,"",IF(ISNUMBER(FIND(MID($L25,10,1),"0123456789")),MID($L25,10,1),IF(ISNUMBER(FIND(MID($L25,10,1),"ABCDEFGHIJKLMNOPQRSTUVWXYZ")),CODE(MID($L25,10,1))-55,"#"))) | X25: =IF(LEN($L25)<11,"",IF(ISNUMBER(FIND(MID($L25,11,1),"0123456789")),MID($L25,11,1),IF(ISNUMBER(FIND(MID($L25,11,1),"ABCDEFGHIJKLMNOPQRSTUVWXYZ")),CODE(MID($L25,11,1))-55,"#"))) | Y25: =IF(LEN($L25)<12,"",IF(ISNUMBER(FIND(MID($L25,12,1),"0123456789")),MID($L25,12,1),IF(ISNUMBER(FIND(MID($L25,12,1),"ABCDEFGHIJKLMNOPQRSTUVWXYZ")),CODE(MID($L25,12,1))-55,"#"))) | Z25: =IF(LEN($L25)<13,"",IF(ISNUMBER(FIND(MID($L25,13,1),"0123456789")),MID($L25,13,1),IF(ISNUMBER(FIND(MID($L25,13,1),"ABCDEFGHIJKLMNOPQRSTUVWXYZ")),CODE(MID($L25,13,1))-55,"#"))) | AA25: =IF(LEN($L25)<14,"",IF(ISNUMBER(FIND(MID($L25,14,1),"0123456789")),MID($L25,14,1),IF(ISNUMBER(FIND(MID($L25,14,1),"ABCDEFGHIJKLMNOPQRSTUVWXYZ")),CODE(MID($L25,14,1))-55,"#"))) | AB25: =IF(LEN($L25)<15,"",IF(ISNUMBER(FIND(MID($L25,15,1),"0123456789")),MID($L25,15,1),IF(ISNUMBER(FIND(MID($L25,15,1),"ABCDEFGHIJKLMNOPQRSTUVWXYZ")),CODE(MID($L25,15,1))-55,"#"))) | AC25: =IF(LEN($L25)<16,"",IF(ISNUMBER(FIND(MID($L25,16,1),"0123456789")),MID($L25,16,1),IF(ISNUMBER(FIND(MID($L25,16,1),"ABCDEFGHIJKLMNOPQRSTUVWXYZ")),CODE(MID($L25,16,1))-55,"#"))) | AD25: =IF(LEN($L25)<17,"",IF(ISNUMBER(FIND(MID($L25,17,1),"0123456789")),MID($L25,17,1),IF(ISNUMBER(FIND(MID($L25,17,1),"ABCDEFGHIJKLMNOPQRSTUVWXYZ")),CODE(MID($L25,17,1))-55,"#"))) | AE25: =IF(LEN($L25)<18,"",IF(ISNUMBER(FIND(MID($L25,18,1),"0123456789")),MID($L25,18,1),IF(ISNUMBER(FIND(MID($L25,18,1),"ABCDEFGHIJKLMNOPQRSTUVWXYZ")),CODE(MID($L25,18,1))-55,"#"))) | AF25: =IF(LEN($L25)<19,"",IF(ISNUMBER(FIND(MID($L25,19,1),"0123456789")),MID($L25,19,1),IF(ISNUMBER(FIND(MID($L25,19,1),"ABCDEFGHIJKLMNOPQRSTUVWXYZ")),CODE(MID($L25,19,1))-55,"#"))) | AG25: =IF(LEN($L25)<20,"",IF(ISNUMBER(FIND(MID($L25,20,1),"0123456789")),MID($L25,20,1),IF(ISNUMBER(FIND(MID($L25,20,1),"ABCDEFGHIJKLMNOPQRSTUVWXYZ")),CODE(MID($L25,20,1))-55,"#"))) | AH25: =IF(LEN($L25)<21,"",IF(ISNUMBER(FIND(MID($L25,21,1),"0123456789")),MID($L25,21,1),IF(ISNUMBER(FIND(MID($L25,21,1),"ABCDEFGHIJKLMNOPQRSTUVWXYZ")),CODE(MID($L25,21,1))-55,"#"))) | AI25: =IF(LEN($L25)<22,"",IF(ISNUMBER(FIND(MID($L25,22,1),"0123456789")),MID($L25,22,1),IF(ISNUMBER(FIND(MID($L25,22,1),"ABCDEFGHIJKLMNOPQRSTUVWXYZ")),CODE(MID($L25,22,1))-55,"#"))) | AJ25: =IF(LEN($L25)<23,"",IF(ISNUMBER(FIND(MID($L25,23,1),"0123456789")),MID($L25,23,1),IF(ISNUMBER(FIND(MID($L25,23,1),"ABCDEFGHIJKLMNOPQRSTUVWXYZ")),CODE(MID($L25,23,1))-55,"#"))) | AK25: =IF(LEN($L25)<24,"",IF(ISNUMBER(FIND(MID($L25,24,1),"0123456789")),MID($L25,24,1),IF(ISNUMBER(FIND(MID($L25,24,1),"ABCDEFGHIJKLMNOPQRSTUVWXYZ")),CODE(MID($L25,24,1))-55,"#"))) | AL25: =IF(LEN($L25)<25,"",IF(ISNUMBER(FIND(MID($L25,25,1),"0123456789")),MID($L25,25,1),IF(ISNUMBER(FIND(MID($L25,25,1),"ABCDEFGHIJKLMNOPQRSTUVWXYZ")),CODE(MID($L25,25,1))-55,"#"))) | AM25: =IF(LEN($L25)<26,"",IF(ISNUMBER(FIND(MID($L25,26,1),"0123456789")),MID($L25,26,1),IF(ISNUMBER(FIND(MID($L25,26,1),"ABCDEFGHIJKLMNOPQRSTUVWXYZ")),CODE(MID($L25,26,1))-55,"#"))) | AN25: =IF(LEN($L25)<27,"",IF(ISNUMBER(FIND(MID($L25,27,1),"0123456789")),MID($L25,27,1),IF(ISNUMBER(FIND(MID($L25,27,1),"ABCDEFGHIJKLMNOPQRSTUVWXYZ")),CODE(MID($L25,27,1))-55,"#"))) | AO25: =IF(LEN($L25)<28,"",IF(ISNUMBER(FIND(MID($L25,28,1),"0123456789")),MID($L25,28,1),IF(ISNUMBER(FIND(MID($L25,28,1),"ABCDEFGHIJKLMNOPQRSTUVWXYZ")),CODE(MID($L25,28,1))-55,"#"))) | AP25: =IF(LEN($L25)<29,"",IF(ISNUMBER(FIND(MID($L25,29,1),"0123456789")),MID($L25,29,1),IF(ISNUMBER(FIND(MID($L25,29,1),"ABCDEFGHIJKLMNOPQRSTUVWXYZ")),CODE(MID($L25,29,1))-55,"#"))) | AQ25: =IF(LEN($L25)<30,"",IF(ISNUMBER(FIND(MID($L25,30,1),"0123456789")),MID($L25,30,1),IF(ISNUMBER(FIND(MID($L25,30,1),"ABCDEFGHIJKLMNOPQRSTUVWXYZ")),CODE(MID($L25,30,1))-55,"#"))) | AR25: =IF(LEN($L25)<31,"",IF(ISNUMBER(FIND(MID($L25,31,1),"0123456789")),MID($L25,31,1),IF(ISNUMBER(FIND(MID($L25,31,1),"ABCDEFGHIJKLMNOPQRSTUVWXYZ")),CODE(MID($L25,31,1))-55,"#"))) | AS25: =IF(LEN($L25)<32,"",IF(ISNUMBER(FIND(MID($L25,32,1),"0123456789")),MID($L25,32,1),IF(ISNUMBER(FIND(MID($L25,32,1),"ABCDEFGHIJKLMNOPQRSTUVWXYZ")),CODE(MID($L25,32,1))-55,"#"))) | AT25: =IF(LEN($L25)<33,"",IF(ISNUMBER(FIND(MID($L25,33,1),"0123456789")),MID($L25,33,1),IF(ISNUMBER(FIND(MID($L25,33,1),"ABCDEFGHIJKLMNOPQRSTUVWXYZ")),CODE(MID($L25,33,1))-55,"#"))) | AU25: =IF(LEN($L25)<34,"",IF(ISNUMBER(FIND(MID($L25,34,1),"0123456789")),MID($L25,34,1),IF(ISNUMBER(FIND(MID($L25,34,1),"ABCDEFGHIJKLMNOPQRSTUVWXYZ")),CODE(MID($L25,34,1))-55,"#"))) | AV25: =_xlfn.CONCAT(N25:AU25) | AW25: =IF(OR(AV25="",M25=FALSE()),"",MOD(VALUE(MID(AV25,1,9)),97)) | AX25: =IF(AW25="","",MOD(VALUE(AW25&MID(AV25,10,7)),97)) | AY25: =IF(AX25="","",MOD(VALUE(AX25&MID(AV25,17,7)),97)) | AZ25: =IF(AY25="","",MOD(VALUE(AY25&MID(AV25,24,7)),97)) | BA25: =IF(AZ25="","",MOD(VALUE(AZ25&MID(AV25,31,7)),97)) | BB25: =IF(BA25="","",MOD(VALUE(BA25&MID(AV25,38,7)),97)) | BC25: =IF(BB25="","",MOD(VALUE(BB25&MID(AV25,45,7)),97)) | BD25: =IF(BC25="","",MOD(VALUE(BC25&MID(AV25,52,7)),97)) | BE25: =IF(BD25="","",MOD(VALUE(BD25&MID(AV25,59,7)),97)) | BF25: =IF(BE25="","",MOD(VALUE(BE25&MID(AV25,66,7)),97))
